,qn,fal,run,q1,q2,h,h_value
0,2.0,1.0,0.0,1.0,4.0,h_a,1.3905517120971562
1,2.0,1.0,1.0,1.0,4.0,h_a,-0.8457038754800369
2,2.0,1.0,2.0,1.0,4.0,h_a,-1.2074644605220648
3,2.0,1.0,3.0,1.0,4.0,h_a,0.1682276243633442
4,2.0,1.0,4.0,1.0,4.0,h_a,0.6851849177510022
5,2.0,1.0,5.0,1.0,4.0,h_a,2.972151411120311
6,2.0,1.0,6.0,1.0,4.0,h_a,-1.1409010871179803
7,2.0,1.0,7.0,1.0,4.0,h_a,0.40426142010091093
8,2.0,1.0,8.0,1.0,4.0,h_a,-0.9410248457522856
9,2.0,1.0,9.0,1.0,4.0,h_a,-1.6376413834674124
10,3.0,2.0,0.0,2.0,3.0,h_a,2.699127355585379
11,3.0,2.0,1.0,2.0,3.0,h_a,1.5308618050408567
12,3.0,2.0,2.0,2.0,3.0,h_a,-0.9277637182980962
13,3.0,2.0,3.0,2.0,3.0,h_a,0.10400771424041054
14,3.0,2.0,4.0,2.0,3.0,h_a,2.589930909908148
15,3.0,2.0,5.0,2.0,3.0,h_a,-0.05277319951063743
16,3.0,2.0,6.0,2.0,3.0,h_a,0.08852646616690989
17,3.0,2.0,7.0,2.0,3.0,h_a,1.0135425579473538
18,3.0,2.0,8.0,2.0,3.0,h_a,-1.0351048591909415
19,3.0,2.0,9.0,2.0,3.0,h_a,1.1411250943219644
20,4.0,2.0,0.0,2.0,4.0,h_a,-0.8912674201629842
21,4.0,2.0,1.0,2.0,4.0,h_a,0.7899135334738197
22,4.0,2.0,2.0,2.0,4.0,h_a,-0.5349614441965992
23,4.0,2.0,3.0,2.0,4.0,h_a,0.3002035761578165
24,4.0,2.0,4.0,2.0,4.0,h_a,0.5198478520428258
25,4.0,2.0,5.0,2.0,4.0,h_a,-1.5038064818132117
26,4.0,2.0,6.0,2.0,4.0,h_a,0.4461851665022863
27,4.0,2.0,7.0,2.0,4.0,h_a,2.0093116986376267
28,4.0,2.0,8.0,2.0,4.0,h_a,0.7923345733866395
29,4.0,2.0,9.0,2.0,4.0,h_a,-1.139572148252551
30,5.0,1.0,0.0,1.0,2.0,h_a,1.8972689575817714
31,5.0,1.0,1.0,1.0,2.0,h_a,-1.5983109335343193
32,5.0,1.0,2.0,1.0,2.0,h_a,1.029871122671088
33,5.0,1.0,3.0,1.0,2.0,h_a,-1.5064984594959105
34,5.0,1.0,4.0,1.0,2.0,h_a,0.29178054163292
35,5.0,1.0,5.0,1.0,2.0,h_a,-0.665615774484684
36,5.0,1.0,6.0,1.0,2.0,h_a,-0.0947868843133968
37,5.0,1.0,7.0,1.0,2.0,h_a,0.708116465009467
38,5.0,1.0,8.0,1.0,2.0,h_a,-0.958697149580369
39,5.0,1.0,9.0,1.0,2.0,h_a,1.8930942459965292
40,2.0,1.0,0.0,1.0,4.0,h_b,0.19926800798681774
41,2.0,1.0,1.0,1.0,4.0,h_b,0.5644969320740424
42,2.0,1.0,2.0,1.0,4.0,h_b,-0.3614540097822427
43,2.0,1.0,3.0,1.0,4.0,h_b,1.5728586128364181
44,2.0,1.0,4.0,1.0,4.0,h_b,-1.1467089514989424
45,2.0,1.0,5.0,1.0,4.0,h_b,1.8225883692941252
46,2.0,1.0,6.0,1.0,4.0,h_b,-0.2579863259193977
47,2.0,1.0,7.0,1.0,4.0,h_b,-0.2249396811879332
48,2.0,1.0,8.0,1.0,4.0,h_b,1.0645584786555742
49,2.0,1.0,9.0,1.0,4.0,h_b,-3.3176218143929646
50,3.0,2.0,0.0,2.0,3.0,h_b,-0.40046109556864495
51,3.0,2.0,1.0,2.0,3.0,h_b,-1.6296145439348804
52,3.0,2.0,2.0,2.0,3.0,h_b,1.5427048797829068
53,3.0,2.0,3.0,2.0,3.0,h_b,0.30333754910820593
54,3.0,2.0,4.0,2.0,3.0,h_b,0.08978498822857925
55,3.0,2.0,5.0,2.0,3.0,h_b,-0.18190219512803543
56,3.0,2.0,6.0,2.0,3.0,h_b,2.0049571305315115
57,3.0,2.0,7.0,2.0,3.0,h_b,2.681246126263042
58,3.0,2.0,8.0,2.0,3.0,h_b,0.32303682917160487
59,3.0,2.0,9.0,2.0,3.0,h_b,-0.7529630155577034
60,4.0,2.0,0.0,2.0,4.0,h_b,0.1909112660753518
61,4.0,2.0,1.0,2.0,4.0,h_b,-0.17584608953561762
62,4.0,2.0,2.0,2.0,4.0,h_b,0.8083380346148216
63,4.0,2.0,3.0,2.0,4.0,h_b,-0.8051229074381415
64,4.0,2.0,4.0,2.0,4.0,h_b,0.5491657011631448
65,4.0,2.0,5.0,2.0,4.0,h_b,0.1973031245394464
66,4.0,2.0,6.0,2.0,4.0,h_b,-1.3539208618073828
67,4.0,2.0,7.0,2.0,4.0,h_b,5.16913548923017
68,4.0,2.0,8.0,2.0,4.0,h_b,0.11626560321531393
69,4.0,2.0,9.0,2.0,4.0,h_b,3.035517071415299
70,5.0,1.0,0.0,1.0,2.0,h_b,-0.7066085137560292
71,5.0,1.0,1.0,1.0,2.0,h_b,1.8055334741935212
72,5.0,1.0,2.0,1.0,2.0,h_b,1.437250228518479
73,5.0,1.0,3.0,1.0,2.0,h_b,-1.3164235068709085
74,5.0,1.0,4.0,1.0,2.0,h_b,-0.25726324883118257
75,5.0,1.0,5.0,1.0,2.0,h_b,1.1716870469426122
76,5.0,1.0,6.0,1.0,2.0,h_b,-1.3140163387143189
77,5.0,1.0,7.0,1.0,2.0,h_b,-0.5703929964135137
78,5.0,1.0,8.0,1.0,2.0,h_b,0.7508908018655731
79,5.0,1.0,9.0,1.0,2.0,h_b,-1.0993727591648734
80,2.0,1.0,0.0,1.0,4.0,h_c,0.8686229735280557
81,2.0,1.0,1.0,1.0,4.0,h_c,-0.3989201806085374
82,2.0,1.0,2.0,1.0,4.0,h_c,-2.136854183716804
83,2.0,1.0,3.0,1.0,4.0,h_c,-0.7366099907143366
84,2.0,1.0,4.0,1.0,4.0,h_c,-1.2167818900814658
85,2.0,1.0,5.0,1.0,4.0,h_c,1.1626134211686519
86,2.0,1.0,6.0,1.0,4.0,h_c,1.5716449589083508
87,2.0,1.0,7.0,1.0,4.0,h_c,2.14244810677142
88,2.0,1.0,8.0,1.0,4.0,h_c,-0.32060845922899267
89,2.0,1.0,9.0,1.0,4.0,h_c,1.1006228605800756
90,3.0,2.0,0.0,2.0,3.0,h_c,0.9569448092085808
91,3.0,2.0,1.0,2.0,3.0,h_c,1.36299113887684
92,3.0,2.0,2.0,2.0,3.0,h_c,1.8382120570096494
93,3.0,2.0,3.0,2.0,3.0,h_c,-0.24954156829759533
94,3.0,2.0,4.0,2.0,3.0,h_c,1.1142497084994532
95,3.0,2.0,5.0,2.0,3.0,h_c,-0.5074712023120426
96,3.0,2.0,6.0,2.0,3.0,h_c,-0.2554157429678699
97,3.0,2.0,7.0,2.0,3.0,h_c,-0.8703314325591885
98,3.0,2.0,8.0,2.0,3.0,h_c,-0.1396188046371624
99,3.0,2.0,9.0,2.0,3.0,h_c,1.0251398862126024
100,4.0,2.0,0.0,2.0,4.0,h_c,-0.3346203922315715
101,4.0,2.0,1.0,2.0,4.0,h_c,-1.9576757268923026
102,4.0,2.0,2.0,2.0,4.0,h_c,0.5129401153908917
103,4.0,2.0,3.0,2.0,4.0,h_c,-0.8974095446739578
104,4.0,2.0,4.0,2.0,4.0,h_c,1.6710273409019867
105,4.0,2.0,5.0,2.0,4.0,h_c,-0.39298555299934035
106,4.0,2.0,6.0,2.0,4.0,h_c,0.5535757012802326
107,4.0,2.0,7.0,2.0,4.0,h_c,-0.7649380697924313
108,4.0,2.0,8.0,2.0,4.0,h_c,-0.016677256664885332
109,4.0,2.0,9.0,2.0,4.0,h_c,-0.5069015745615104
110,5.0,1.0,0.0,1.0,2.0,h_c,-0.928310505903397
111,5.0,1.0,1.0,1.0,2.0,h_c,1.4947060131184777
112,5.0,1.0,2.0,1.0,2.0,h_c,0.4857940891800266
113,5.0,1.0,3.0,1.0,2.0,h_c,-0.8227135631871706
114,5.0,1.0,4.0,1.0,2.0,h_c,1.1903290012596761
115,5.0,1.0,5.0,1.0,2.0,h_c,-0.9686450313422045
116,5.0,1.0,6.0,1.0,2.0,h_c,0.34643948430976385
117,5.0,1.0,7.0,1.0,2.0,h_c,-1.0014831773295754
118,5.0,1.0,8.0,1.0,2.0,h_c,-1.1074819742445352
119,5.0,1.0,9.0,1.0,2.0,h_c,-0.41130369816369716
120,2.0,1.0,0.0,1.0,4.0,h_d,1.1877026876469856
121,2.0,1.0,1.0,1.0,4.0,h_d,-0.2427280234637606
122,2.0,1.0,2.0,1.0,4.0,h_d,0.2949958619854887
123,2.0,1.0,3.0,1.0,4.0,h_d,0.37201423758283264
124,2.0,1.0,4.0,1.0,4.0,h_d,1.2642068427880961
125,2.0,1.0,5.0,1.0,4.0,h_d,-0.7430240154911353
126,2.0,1.0,6.0,1.0,4.0,h_d,-0.8787803911022106
127,2.0,1.0,7.0,1.0,4.0,h_d,0.6084881502345817
128,2.0,1.0,8.0,1.0,4.0,h_d,0.19009853570829274
129,2.0,1.0,9.0,1.0,4.0,h_d,0.6203398117656177
130,3.0,2.0,0.0,2.0,3.0,h_d,-0.3928406722318136
131,3.0,2.0,1.0,2.0,3.0,h_d,1.7875098110127177
132,3.0,2.0,2.0,2.0,3.0,h_d,-2.3755331396909924
133,3.0,2.0,3.0,2.0,3.0,h_d,0.5481463683950645
134,3.0,2.0,4.0,2.0,3.0,h_d,-1.1698098033659918
135,3.0,2.0,5.0,2.0,3.0,h_d,0.0696584111078519
136,3.0,2.0,6.0,2.0,3.0,h_d,1.0188636855102184
137,3.0,2.0,7.0,2.0,3.0,h_d,-1.2528084502706325
138,3.0,2.0,8.0,2.0,3.0,h_d,-1.723751170833067
139,3.0,2.0,9.0,2.0,3.0,h_d,-1.479528981522109
140,4.0,2.0,0.0,2.0,4.0,h_d,-1.0776433992991412
141,4.0,2.0,1.0,2.0,4.0,h_d,-0.24094959947458738
142,4.0,2.0,2.0,2.0,4.0,h_d,-0.43481396399364697
143,4.0,2.0,3.0,2.0,4.0,h_d,-1.017831866405231
144,4.0,2.0,4.0,2.0,4.0,h_d,0.9367546210337006
145,4.0,2.0,5.0,2.0,4.0,h_d,0.5263108812395453
146,4.0,2.0,6.0,2.0,4.0,h_d,-0.370785072467019
147,4.0,2.0,7.0,2.0,4.0,h_d,0.14893941603019384
148,4.0,2.0,8.0,2.0,4.0,h_d,0.981681909328003
149,4.0,2.0,9.0,2.0,4.0,h_d,-1.135531463236351
150,5.0,1.0,0.0,1.0,2.0,h_d,-1.0209296396698895
151,5.0,1.0,1.0,1.0,2.0,h_d,1.3731426577103065
152,5.0,1.0,2.0,1.0,2.0,h_d,-0.46645490340198215
153,5.0,1.0,3.0,1.0,2.0,h_d,0.8389642247379708
154,5.0,1.0,4.0,1.0,2.0,h_d,0.6381021134993984
155,5.0,1.0,5.0,1.0,2.0,h_d,2.1474141172679433
156,5.0,1.0,6.0,1.0,2.0,h_d,1.5285659203147641
157,5.0,1.0,7.0,1.0,2.0,h_d,0.034094370871580335
158,5.0,1.0,8.0,1.0,2.0,h_d,-0.42472584316819734
159,5.0,1.0,9.0,1.0,2.0,h_d,-0.2364128152874929
160,2.0,1.0,0.0,1.0,4.0,h_ab,-0.7090684904523626
161,2.0,1.0,1.0,1.0,4.0,h_ab,1.082425079726063
162,2.0,1.0,2.0,1.0,4.0,h_ab,0.34524755796333567
163,2.0,1.0,3.0,1.0,4.0,h_ab,0.201780497202501
164,2.0,1.0,4.0,1.0,4.0,h_ab,0.8999288452212407
165,2.0,1.0,5.0,1.0,4.0,h_ab,-1.3616914834990257
166,2.0,1.0,6.0,1.0,4.0,h_ab,1.0789152821235581
167,2.0,1.0,7.0,1.0,4.0,h_ab,-0.06717077964533898
168,2.0,1.0,8.0,1.0,4.0,h_ab,1.4023444772915992
169,2.0,1.0,9.0,1.0,4.0,h_ab,-0.0919552967766759
170,3.0,2.0,0.0,2.0,3.0,h_ab,-0.2929762292110199
171,3.0,2.0,1.0,2.0,3.0,h_ab,-1.185584157964246
172,3.0,2.0,2.0,2.0,3.0,h_ab,0.7905598248640833
173,3.0,2.0,3.0,2.0,3.0,h_ab,0.7202506654582778
174,3.0,2.0,4.0,2.0,3.0,h_ab,1.0098235446913182
175,3.0,2.0,5.0,2.0,3.0,h_ab,-0.6297329926566094
176,3.0,2.0,6.0,2.0,3.0,h_ab,-0.1027317188249172
177,3.0,2.0,7.0,2.0,3.0,h_ab,-1.5151749789909035
178,3.0,2.0,8.0,2.0,3.0,h_ab,1.367674968346528
179,3.0,2.0,9.0,2.0,3.0,h_ab,-0.8476121002262348
180,4.0,2.0,0.0,2.0,4.0,h_ab,-1.3909224470457062
181,4.0,2.0,1.0,2.0,4.0,h_ab,0.34302617360667703
182,4.0,2.0,2.0,2.0,4.0,h_ab,0.8046101677628914
183,4.0,2.0,3.0,2.0,4.0,h_ab,0.7852315791068092
184,4.0,2.0,4.0,2.0,4.0,h_ab,0.7714091773294194
185,4.0,2.0,5.0,2.0,4.0,h_ab,0.11154968237250419
186,4.0,2.0,6.0,2.0,4.0,h_ab,0.13217710450790976
187,4.0,2.0,7.0,2.0,4.0,h_ab,-0.6583046401814994
188,4.0,2.0,8.0,2.0,4.0,h_ab,0.8795263439529579
189,4.0,2.0,9.0,2.0,4.0,h_ab,1.7006719109883524
190,5.0,1.0,0.0,1.0,2.0,h_ab,1.2577825250631118
191,5.0,1.0,1.0,1.0,2.0,h_ab,-0.35078678573922667
192,5.0,1.0,2.0,1.0,2.0,h_ab,-0.7446854290838361
193,5.0,1.0,3.0,1.0,2.0,h_ab,1.1914598242320777
194,5.0,1.0,4.0,1.0,2.0,h_ab,-0.9474762626220404
195,5.0,1.0,5.0,1.0,2.0,h_ab,0.9882636458272934
196,5.0,1.0,6.0,1.0,2.0,h_ab,1.3697836413932125
197,5.0,1.0,7.0,1.0,2.0,h_ab,-0.3878178338381118
198,5.0,1.0,8.0,1.0,2.0,h_ab,-1.4393798804211422
199,5.0,1.0,9.0,1.0,2.0,h_ab,0.05907665508414183
200,2.0,1.0,0.0,1.0,4.0,h_ac,0.9483457503005792
201,2.0,1.0,1.0,1.0,4.0,h_ac,-0.43017364979571654
202,2.0,1.0,2.0,1.0,4.0,h_ac,-0.922270186591828
203,2.0,1.0,3.0,1.0,4.0,h_ac,0.7082215064643236
204,2.0,1.0,4.0,1.0,4.0,h_ac,0.9788831907023489
205,2.0,1.0,5.0,1.0,4.0,h_ac,-1.575627108448657
206,2.0,1.0,6.0,1.0,4.0,h_ac,0.5397545917109234
207,2.0,1.0,7.0,1.0,4.0,h_ac,-1.5981935068925066
208,2.0,1.0,8.0,1.0,4.0,h_ac,-0.9273103280700182
209,2.0,1.0,9.0,1.0,4.0,h_ac,0.6048498159166571
210,3.0,2.0,0.0,2.0,3.0,h_ac,-1.7723142433415582
211,3.0,2.0,1.0,2.0,3.0,h_ac,1.1510843538739441
212,3.0,2.0,2.0,2.0,3.0,h_ac,0.7613759226133304
213,3.0,2.0,3.0,2.0,3.0,h_ac,-0.47268052716337255
214,3.0,2.0,4.0,2.0,3.0,h_ac,-1.0676349579424218
215,3.0,2.0,5.0,2.0,3.0,h_ac,-0.8270937016878125
216,3.0,2.0,6.0,2.0,3.0,h_ac,-1.3970751333259226
217,3.0,2.0,7.0,2.0,3.0,h_ac,-0.8399842981265143
218,3.0,2.0,8.0,2.0,3.0,h_ac,-0.7526300859845794
219,3.0,2.0,9.0,2.0,3.0,h_ac,-1.0042429781156528
220,4.0,2.0,0.0,2.0,4.0,h_ac,-0.44004873971659353
221,4.0,2.0,1.0,2.0,4.0,h_ac,0.03355052739154104
222,4.0,2.0,2.0,2.0,4.0,h_ac,-0.34463978170934184
223,4.0,2.0,3.0,2.0,4.0,h_ac,0.0013016207293710597
224,4.0,2.0,4.0,2.0,4.0,h_ac,-0.5277102660950097
225,4.0,2.0,5.0,2.0,4.0,h_ac,0.7419257142905364
226,4.0,2.0,6.0,2.0,4.0,h_ac,2.001502313682901
227,4.0,2.0,7.0,2.0,4.0,h_ac,0.9934251393649066
228,4.0,2.0,8.0,2.0,4.0,h_ac,0.0012859236909149479
229,4.0,2.0,9.0,2.0,4.0,h_ac,0.6860951564148339
230,5.0,1.0,0.0,1.0,2.0,h_ac,-0.777795970494509
231,5.0,1.0,1.0,1.0,2.0,h_ac,-1.7545849281375816
232,5.0,1.0,2.0,1.0,2.0,h_ac,-0.8514259576539672
233,5.0,1.0,3.0,1.0,2.0,h_ac,0.7959061400355184
234,5.0,1.0,4.0,1.0,2.0,h_ac,-0.15950836309406097
235,5.0,1.0,5.0,1.0,2.0,h_ac,0.7740520031776346
236,5.0,1.0,6.0,1.0,2.0,h_ac,1.1697165848802291
237,5.0,1.0,7.0,1.0,2.0,h_ac,-0.7147937545374891
238,5.0,1.0,8.0,1.0,2.0,h_ac,-0.46636581160195983
239,5.0,1.0,9.0,1.0,2.0,h_ac,-0.8917429622523383
240,2.0,1.0,0.0,1.0,4.0,h_ad,0.6596801870696815
241,2.0,1.0,1.0,1.0,4.0,h_ad,-0.422929936140973
242,2.0,1.0,2.0,1.0,4.0,h_ad,-0.5856454836674161
243,2.0,1.0,3.0,1.0,4.0,h_ad,-0.5209700919143934
244,2.0,1.0,4.0,1.0,4.0,h_ad,-2.70960100723497
245,2.0,1.0,5.0,1.0,4.0,h_ad,0.33874883955444124
246,2.0,1.0,6.0,1.0,4.0,h_ad,0.032185825797761775
247,2.0,1.0,7.0,1.0,4.0,h_ad,0.7479727130973325
248,2.0,1.0,8.0,1.0,4.0,h_ad,0.32642832053188503
249,2.0,1.0,9.0,1.0,4.0,h_ad,-0.658613477434461
250,3.0,2.0,0.0,2.0,3.0,h_ad,1.6554960120663857
251,3.0,2.0,1.0,2.0,3.0,h_ad,1.0326581863800026
252,3.0,2.0,2.0,2.0,3.0,h_ad,-2.032890214596527
253,3.0,2.0,3.0,2.0,3.0,h_ad,-0.05215177103171497
254,3.0,2.0,4.0,2.0,3.0,h_ad,-0.27856427705698333
255,3.0,2.0,5.0,2.0,3.0,h_ad,0.6182804991121122
256,3.0,2.0,6.0,2.0,3.0,h_ad,1.3445019088326096
257,3.0,2.0,7.0,2.0,3.0,h_ad,-0.7499255011622756
258,3.0,2.0,8.0,2.0,3.0,h_ad,-1.8997365771713628
259,3.0,2.0,9.0,2.0,3.0,h_ad,-0.9348698465412252
260,4.0,2.0,0.0,2.0,4.0,h_ad,1.2073263372779424
261,4.0,2.0,1.0,2.0,4.0,h_ad,-1.1448345603670587
262,4.0,2.0,2.0,2.0,4.0,h_ad,-0.13593968557715266
263,4.0,2.0,3.0,2.0,4.0,h_ad,0.8882017121675048
264,4.0,2.0,4.0,2.0,4.0,h_ad,-1.7288306351521245
265,4.0,2.0,5.0,2.0,4.0,h_ad,0.35628279456787504
266,4.0,2.0,6.0,2.0,4.0,h_ad,-1.5459814703796464
267,4.0,2.0,7.0,2.0,4.0,h_ad,-1.556276137852703
268,4.0,2.0,8.0,2.0,4.0,h_ad,0.25155528960018075
269,4.0,2.0,9.0,2.0,4.0,h_ad,-1.0005055946512436
270,5.0,1.0,0.0,1.0,2.0,h_ad,0.8334031135307687
271,5.0,1.0,1.0,1.0,2.0,h_ad,0.7691922727801025
272,5.0,1.0,2.0,1.0,2.0,h_ad,0.6888784431163466
273,5.0,1.0,3.0,1.0,2.0,h_ad,-0.6644745573963017
274,5.0,1.0,4.0,1.0,2.0,h_ad,-0.5574621344978757
275,5.0,1.0,5.0,1.0,2.0,h_ad,-0.7229182715743997
276,5.0,1.0,6.0,1.0,2.0,h_ad,0.7476899631603542
277,5.0,1.0,7.0,1.0,2.0,h_ad,-0.8419569651120555
278,5.0,1.0,8.0,1.0,2.0,h_ad,-0.5445482998952813
279,5.0,1.0,9.0,1.0,2.0,h_ad,-0.4045013736703377
280,2.0,1.0,0.0,1.0,4.0,h_bc,-0.8312717557734773
281,2.0,1.0,1.0,1.0,4.0,h_bc,-0.7858239813080851
282,2.0,1.0,2.0,1.0,4.0,h_bc,-0.8703687428439796
283,2.0,1.0,3.0,1.0,4.0,h_bc,0.8980690145678002
284,2.0,1.0,4.0,1.0,4.0,h_bc,1.3817925328045368
285,2.0,1.0,5.0,1.0,4.0,h_bc,0.9365742710497079
286,2.0,1.0,6.0,1.0,4.0,h_bc,0.23668663673858684
287,2.0,1.0,7.0,1.0,4.0,h_bc,-1.3677810939287662
288,2.0,1.0,8.0,1.0,4.0,h_bc,0.40344804999778183
289,2.0,1.0,9.0,1.0,4.0,h_bc,-1.5436955145917703
290,3.0,2.0,0.0,2.0,3.0,h_bc,-1.4285898471664966
291,3.0,2.0,1.0,2.0,3.0,h_bc,0.45931720954372995
292,3.0,2.0,2.0,2.0,3.0,h_bc,1.9235567145643029
293,3.0,2.0,3.0,2.0,3.0,h_bc,0.8068025719851635
294,3.0,2.0,4.0,2.0,3.0,h_bc,0.7479992812070021
295,3.0,2.0,5.0,2.0,3.0,h_bc,0.8399588341165451
296,3.0,2.0,6.0,2.0,3.0,h_bc,0.8656025329881332
297,3.0,2.0,7.0,2.0,3.0,h_bc,-1.0939577019728637
298,3.0,2.0,8.0,2.0,3.0,h_bc,-1.0403424000178847
299,3.0,2.0,9.0,2.0,3.0,h_bc,-0.8655086007426687
300,4.0,2.0,0.0,2.0,4.0,h_bc,0.8002129939202707
301,4.0,2.0,1.0,2.0,4.0,h_bc,0.4347557927180627
302,4.0,2.0,2.0,2.0,4.0,h_bc,-0.9511366936804341
303,4.0,2.0,3.0,2.0,4.0,h_bc,1.0843039422280045
304,4.0,2.0,4.0,2.0,4.0,h_bc,-1.9983725030590758
305,4.0,2.0,5.0,2.0,4.0,h_bc,-0.5532664011390303
306,4.0,2.0,6.0,2.0,4.0,h_bc,-1.0712479842180627
307,4.0,2.0,7.0,2.0,4.0,h_bc,1.2384909406691411
308,4.0,2.0,8.0,2.0,4.0,h_bc,0.438833949628992
309,4.0,2.0,9.0,2.0,4.0,h_bc,-0.998322493766999
310,5.0,1.0,0.0,1.0,2.0,h_bc,1.5653569361216326
311,5.0,1.0,1.0,1.0,2.0,h_bc,1.1540608890786528
312,5.0,1.0,2.0,1.0,2.0,h_bc,-0.9730248187098139
313,5.0,1.0,3.0,1.0,2.0,h_bc,-0.7619983993480834
314,5.0,1.0,4.0,1.0,2.0,h_bc,0.9847324450841345
315,5.0,1.0,5.0,1.0,2.0,h_bc,1.5857215522638062
316,5.0,1.0,6.0,1.0,2.0,h_bc,-0.680870429745013
317,5.0,1.0,7.0,1.0,2.0,h_bc,1.2282799717608253
318,5.0,1.0,8.0,1.0,2.0,h_bc,-0.825653355750044
319,5.0,1.0,9.0,1.0,2.0,h_bc,0.6977684338451032
320,2.0,1.0,0.0,1.0,4.0,h_bd,1.4300460559537993
321,2.0,1.0,1.0,1.0,4.0,h_bd,0.4364541003602593
322,2.0,1.0,2.0,1.0,4.0,h_bd,1.0319158037222305
323,2.0,1.0,3.0,1.0,4.0,h_bd,-0.9576625384376654
324,2.0,1.0,4.0,1.0,4.0,h_bd,-0.3682439684423462
325,2.0,1.0,5.0,1.0,4.0,h_bd,-1.2202654936043278
326,2.0,1.0,6.0,1.0,4.0,h_bd,0.6899042416767458
327,2.0,1.0,7.0,1.0,4.0,h_bd,0.6920697523164248
328,2.0,1.0,8.0,1.0,4.0,h_bd,-0.8722090871293303
329,2.0,1.0,9.0,1.0,4.0,h_bd,0.3513099326182462
330,3.0,2.0,0.0,2.0,3.0,h_bd,0.6937407981149852
331,3.0,2.0,1.0,2.0,3.0,h_bd,-0.9434730586283167
332,3.0,2.0,2.0,2.0,3.0,h_bd,-1.1032430378393001
333,3.0,2.0,3.0,2.0,3.0,h_bd,-1.0932642904377594
334,3.0,2.0,4.0,2.0,3.0,h_bd,-1.1497644330249321
335,3.0,2.0,5.0,2.0,3.0,h_bd,0.6719733130434672
336,3.0,2.0,6.0,2.0,3.0,h_bd,-1.7266689047277002
337,3.0,2.0,7.0,2.0,3.0,h_bd,2.2291477132267565
338,3.0,2.0,8.0,2.0,3.0,h_bd,1.423974673072861
339,3.0,2.0,9.0,2.0,3.0,h_bd,-1.3378061936844146
340,4.0,2.0,0.0,2.0,4.0,h_bd,1.2215174138229365
341,4.0,2.0,1.0,2.0,4.0,h_bd,-0.7231098106093586
342,4.0,2.0,2.0,2.0,4.0,h_bd,-1.1516211013703124
343,4.0,2.0,3.0,2.0,4.0,h_bd,-0.6938613279359112
344,4.0,2.0,4.0,2.0,4.0,h_bd,0.513061595455077
345,4.0,2.0,5.0,2.0,4.0,h_bd,0.5082908172245137
346,4.0,2.0,6.0,2.0,4.0,h_bd,0.8755982763333187
347,4.0,2.0,7.0,2.0,4.0,h_bd,-0.9992387223522703
348,4.0,2.0,8.0,2.0,4.0,h_bd,0.5532736593347469
349,4.0,2.0,9.0,2.0,4.0,h_bd,1.1678647951979833
350,5.0,1.0,0.0,1.0,2.0,h_bd,0.8720966750688379
351,5.0,1.0,1.0,1.0,2.0,h_bd,-0.7219872496137025
352,5.0,1.0,2.0,1.0,2.0,h_bd,-1.4349611674722864
353,5.0,1.0,3.0,1.0,2.0,h_bd,-1.2554704600643285
354,5.0,1.0,4.0,1.0,2.0,h_bd,0.4295250380269356
355,5.0,1.0,5.0,1.0,2.0,h_bd,0.32028577115983864
356,5.0,1.0,6.0,1.0,2.0,h_bd,0.3698511841464518
357,5.0,1.0,7.0,1.0,2.0,h_bd,0.005406387011429623
358,5.0,1.0,8.0,1.0,2.0,h_bd,0.831952007158535
359,5.0,1.0,9.0,1.0,2.0,h_bd,-1.0142472182826112
360,2.0,1.0,0.0,1.0,4.0,h_cd,1.341352666446675
361,2.0,1.0,1.0,1.0,4.0,h_cd,0.9555971202337621
362,2.0,1.0,2.0,1.0,4.0,h_cd,-0.48811070900365683
363,2.0,1.0,3.0,1.0,4.0,h_cd,0.057736928694508215
364,2.0,1.0,4.0,1.0,4.0,h_cd,-1.084793245776123
365,2.0,1.0,5.0,1.0,4.0,h_cd,0.99309083649224
366,2.0,1.0,6.0,1.0,4.0,h_cd,-0.6751714061811234
367,2.0,1.0,7.0,1.0,4.0,h_cd,-0.8576892261913281
368,2.0,1.0,8.0,1.0,4.0,h_cd,0.6549131536268235
369,2.0,1.0,9.0,1.0,4.0,h_cd,0.6152833926442132
370,3.0,2.0,0.0,2.0,3.0,h_cd,0.7375646243527155
371,3.0,2.0,1.0,2.0,3.0,h_cd,0.9015891145419664
372,3.0,2.0,2.0,2.0,3.0,h_cd,-0.937589339098699
373,3.0,2.0,3.0,2.0,3.0,h_cd,-0.9511274292288585
374,3.0,2.0,4.0,2.0,3.0,h_cd,-0.7250208093171899
375,3.0,2.0,5.0,2.0,3.0,h_cd,0.43812599044160294
376,3.0,2.0,6.0,2.0,3.0,h_cd,0.3988873200781465
377,3.0,2.0,7.0,2.0,3.0,h_cd,-1.3896579583149447
378,3.0,2.0,8.0,2.0,3.0,h_cd,-0.9155460210495301
379,3.0,2.0,9.0,2.0,3.0,h_cd,-0.810358507971265
380,4.0,2.0,0.0,2.0,4.0,h_cd,-0.7320930304037506
381,4.0,2.0,1.0,2.0,4.0,h_cd,0.8008414535524635
382,4.0,2.0,2.0,2.0,4.0,h_cd,-0.03598689129846502
383,4.0,2.0,3.0,2.0,4.0,h_cd,-0.5862896388018117
384,4.0,2.0,4.0,2.0,4.0,h_cd,-1.3090956664389186
385,4.0,2.0,5.0,2.0,4.0,h_cd,-0.5273739987349976
386,4.0,2.0,6.0,2.0,4.0,h_cd,0.5304768722383156
387,4.0,2.0,7.0,2.0,4.0,h_cd,-1.0763462327101834
388,4.0,2.0,8.0,2.0,4.0,h_cd,-0.8555446761353934
389,4.0,2.0,9.0,2.0,4.0,h_cd,0.8611042446293665
390,5.0,1.0,0.0,1.0,2.0,h_cd,-0.5698412204852532
391,5.0,1.0,1.0,1.0,2.0,h_cd,-1.1358395686484148
392,5.0,1.0,2.0,1.0,2.0,h_cd,-0.5833583465847137
393,5.0,1.0,3.0,1.0,2.0,h_cd,-0.9968359695148019
394,5.0,1.0,4.0,1.0,2.0,h_cd,-0.4884228448616676
395,5.0,1.0,5.0,1.0,2.0,h_cd,0.602448562805077
396,5.0,1.0,6.0,1.0,2.0,h_cd,-0.5393403565347358
397,5.0,1.0,7.0,1.0,2.0,h_cd,-0.3467908101028086
398,5.0,1.0,8.0,1.0,2.0,h_cd,-1.2848890670993274
399,5.0,1.0,9.0,1.0,2.0,h_cd,0.8623244983564576
