,A,B,C,D,AB,CD,pred
98095784.0,0.20483276469913342,3.643566293128706,0.06409421685223719,0.2951672353008666,-3.101236753138022,-1.0451385158310582,2.0137158514503164
38339051.0,1.803052540894974,-0.27480109938157515,-0.19694745910653016,-0.3295365716168007,-0.3327455451448275,0.9355764245795842,2.666504316086875
98886326.0,1.974507968134523,-2.968115719570741,0.01911007093064005,0.04471025692950842,-0.09622504213891936,-0.024589724384896098,-0.24809422367276235
75570314.0,0.006366622213269971,3.7789343361135708,1.935905783151025,1.9872642068002515,1.6468589597895975,1.695687084398322,-0.24340148516287125
43249261.0,0.7951672353008666,1.5000000002906486,0.9359057831510259,0.5,7.532227566213132,-0.7918355556866948,0.22256454723819133
35774746.0,0.06409421684897484,1.9162774325283953,2.942390223302903,0.05760977669709683,1.0992396999945346,1.0917365526616465,1.7707998076400384
49785195.0,-0.012735793199754852,1.862030069502712,1.9808899290693602,0.9162774325283954,2.213176035156932,1.084288945710607,-1.8135014485321668
19679410.0,0.9998360102089076,-2.5000000033015066,-1.9999999999798814,-1.619390433761309e-14,0.5181299131616527,2.213176035156933,16.598294150464348
99533766.0,0.07714744645905,1.787132586257405,1.869010119565545,0.8333333333333334,2.835067402121656,2.2501808400694587,1.9874703845191093
15686827.0,1.9745079681345228,1.8895729218328952,-0.08372256747160449,0.8549784381258895,2.205822989715731,-0.06669391019953956,-0.03634334568411321
79351775.0,-2.0,-2.4999999982013246,1.704832764699133,1.0,2.209500201399386,2.2131760351569354,-0.0040065896694208795
77634059.0,0.20483276469913342,-0.22944373773169915,1.9872642068002448,0.3295365716168013,-0.7257299613393698,0.056873542116779474,-0.7164368963797223
40040287.0,-0.9488505765472792,3.7048327646991335,0.7871325862574128,0.2128674137453158,1.0437577264307372,0.026674014353095885,-2.0268066527825943
38050870.0,1.9936333777867299,1.7789343361135708,-0.05760977669640925,0.8827766887550381,2.209500201399386,-0.6993887456752959,1.0150544448345233
97558376.0,0.8690101195655453,3.7531833111066346,-0.13098988043445434,0.9030133159793217,-0.05922023301858513,1.1030182902094154,-0.8237711260297363
18856656.0,0.03188428042925998,3.643566293128706,-1.0,0.9030133159793219,2.80893467866095,1.598820875832153,2.0438749351029664
67241704.0,-4.99363337778673,1.7951672353008667,-0.006366622213270196,2.0,2.1761713932383615,1.058475524651319,-0.26143379296567476
51753790.0,0.13796993049834216,3.159363344522883,-0.15215059723696606,0.9488505765480787,0.40549819075787696,4.504168397806763,3.82334829022914
28917083.0,0.05114942345573249,0.07714744645905,-0.064094216848975,-0.942390223302903,-0.03246994398186048,1.6879803572480905,2.373218389130886
35749462.0,4.0,-2.9936333777867303,1.9936333777867303,1.9936333777867303,-0.6735753642919167,1.0547997568224756,1.8833593108701925
29909954.0,0.7251989006184251,1.62818843369795,0.08372256747160473,-1.43623143914148,2.23158449020429,1.1144708032324018,-0.9663782920202423
91120038.0,-0.07714744645904996,-0.8259319361244764,1.19694745910653,0.22106566388642912,1.1106300926032078,1.2115740928840284,0.9981367684301686
92257607.0,0.03188428042925998,-0.8895729218328954,0.05760977669709702,-0.9423902233029036,-2.824320120091827,1.1106300926032115,-1.6441260978107894
91352376.0,-0.06409421684897483,1.7951672353008667,-0.8690101195655454,0.8690101195655453,2.8503876423395282,0.44412040300347827,0.7935804383819777
57819102.0,0.15936334451865108,1.8620300695016583,-1.0969866840206783,0.8963170839725417,0.3674175526047989,-0.03636368340336719,-5.043289709919176
81888326.0,-2.9162774325283944,-0.34245757457595577,-0.06409421684990751,0.9552897430704917,0.9788185379394732,2.238989680943462,-0.17199303950765826
66763888.0,0.13098988043445464,1.795167235300867,1.9293942611422474,0.23802023913109074,0.40146824180151447,1.2731410226521347,-4.963827714510263
79758094.0,0.8406366554771173,1.9936333777867299,-0.1309898804344546,0.9359057831510251,-0.02854613577652741,1.0547997568224745,2.04861129711855
37288033.0,-0.006366622213269965,0.9552897430704916,1.9552897430704916,-0.9552897430704916,3.386284979852279,2.198458085645887,0.07452855363134653
69269118.0,0.09698668402067824,-0.1309898804344546,1.3424575745759568,0.7348254690531806,1.065828547336014,2.2095002013993916,-1.3222874457410851
20900690.0,0.03828945877414662,1.704832764699133,-0.246816688893365,0.09698668402067834,0.518130085714966,2.1761713932383615,-0.030568980950637942
83377804.0,-0.8108011236524005,1.6704634283831992,-0.10368291602745756,-0.05114942345192106,2.8350674302525505,-0.03246994491417103,-1.8443679853689081
91293328.0,0.9293942611422477,1.8895729218328956,-0.8963170839725421,0.06409421684897497,1.1144708076225107,2.1686349805908325,-1.4440811721427842
27446455.0,1.9162774325283953,1.0,1.7152190255436426,1.0063666222132701,-1.2767391693019718,-0.1483796752233949,2.0418097444382313
81144109.0,-0.0511494234519216,1.7951672353008656,-0.06409421684897501,0.9681157195707415,1.7363239754571784,1.0547997568224745,-0.22186110345748122
26090325.0,0.30602663195864344,1.5000000002906486,1.025492031865477,0.6939733680413567,0.03140727471841941,0.4212638803753544,0.9319159260613492
60853534.0,0.9745079681345233,3.051149423451917,-0.09698668402067848,0.09698668402067828,2.8503876423395282,-0.1560863934965112,-0.19061575957548718
40081083.0,0.40966552939826684,1.6704634283831998,1.8333333333333337,0.2748010993815746,-0.14837966348922046,2.1571808082712587,1.5276780464702715
54337518.0,0.8690101195655453,-0.5903344706017339,-0.7441417753461602,0.18919887634759947,-0.7373304611305486,-0.012496806816747027,-0.8449434244193287
78551091.0,0.5000000000003016,-0.5000000000936625,0.9936333777867302,-0.07714744645905001,-1.8246001085803416,0.5567522823991544,2.051141059709583
41791574.0,1.9293942611422477,1.7871325862574121,-0.9293942611422477,0.13098988043445464,2.168634980590831,-0.04022975478457662,2.1245542777099513
57027982.0,-0.11722331124496133,1.3424575745759502,-1.80305254089347,0.2847809744563574,-4.137676790658862,1.2228938558572395,2.2146612028141366
27645475.0,-0.012735793199754852,-0.05760977669709684,-2.044710256929688,1.9936333777867303,-2.9756232731155534,1.0547996797394508,2.0402595017733978
68704845.0,0.08372256747160474,1.590334470601733,3.803052540894974,0.09033447060173312,2.870183231771661,1.621107978692759,0.8118681975107379
10477237.0,-2.0640942168482375,3.7048327646991335,1.0,0.7619797608689088,2.8661533308782277,0.04627463559387503,-0.01590968359397357
79735369.0,0.5000000000003018,1.8620300695016578,-0.006366622213269871,0.5000000000003018,0.1924500863132691,1.3471506051413575,-1.0687785306788669
21639897.0,1.8333333333333335,3.5000000000519425,-0.1666666666666673,-0.9030133159793212,-2.9459714668824653,0.982848466516983,-0.23489953790380977
86182802.0,0.4999999999998156,1.704832764699133,-0.8333333333333334,0.7531833111066352,-1.080510880416512,0.02203520462452607,-0.031820798036738915
32360531.0,-0.15215059723696595,1.744141775346161,2.73482546905318,3.7871325862574126,2.0545196749892622,0.06819332035956925,2.9643990799833633
40904762.0,0.1593633445228829,3.734825469053181,-0.7531833111066351,0.2294437377316992,-0.04022975478457681,1.1183368045603777,-0.3009370659239427
77199121.0,1.0,-0.3564337068712918,-2.9359057831510254,0.13796993049834225,-0.6735752996532138,-1.9079328754022145,2.0206152020688646
41915558.0,0.8690101195655453,1.8406366554771172,1.8333333333333333,0.0640942168489749,-0.01656806798642616,2.227893795503933,2.059044853121631
91480091.0,0.8549784381258895,-0.8690101195655455,0.07060573885775252,0.13098988043445464,0.031407274261477346,0.04119600487620451,0.2409984246233773
97992062.0,1.1309898804344547,-0.16666666666666655,-2.064094216848975,3.8333333333333335,0.9788186213590366,0.9622504613904947,1.850651843015344
11260803.0,-0.1450215618741107,1.1740680638755239,3.8333333333333335,0.8690101195655455,2.870183231771661,3.4124191810960296,0.9255094667350275
30592959.0,-0.0063666222127439455,-2.0837225674716047,1.9617105412258535,5.9808899290693605,0.4737722059978184,5.092574571500623,0.8651850642175731
92545703.0,1.9936333777867299,1.6825548909938288,1.7951672353008665,0.1309898804344547,-0.1718520870786052,-1.24724987258711,2.8537047607707726
85475010.0,0.9617105412258534,-0.6435662931287063,-0.9681157195707396,0.7951672353008666,1.002480104072831,0.0411960072738114,-1.0527019760291223
12052628.0,5.006366622213269,3.643566293128706,-0.09698668402067877,-2.00636662221327,2.8542814204255618,2.209500201399382,0.9701024568663819
71923595.0,-1.9488505765480788,3.682554890993829,0.9423902233029019,0.07714744645905003,1.0584755246513209,-0.04788779971643362,-0.7750376567009064
96987285.0,1.9293942611422477,3.117223311244961,1.6704634283831992,-0.03828945877414644,-1.7912710391419204,0.9828484437136062,-0.2554738120665905
55319912.0,0.0,3.7531833111066346,-0.13098988043445497,1.869010119565545,1.7320508140293815,1.0214708348852388,0.9274410233826311
57314335.0,-2.9936333777893798,-0.753183311106638,1.9808899290693602,0.7531833111066351,2.1571808082712582,0.3849001384573003,0.5956360042940297
46798937.0,0.778934336113571,1.744141775346161,3.62818843369795,0.8549784381258886,0.3674175526047989,-0.09622504777935047,1.3054513511077563
61449173.0,0.03188428042925998,-0.563768560858521,1.9488505765480473,-2.038289458774147,-1.2804566906004191,-1.2730320558610209,-0.17853056886079152
75105092.0,0.6939733680413567,-0.21286741374258755,1.2128674137425879,0.13098988043445467,0.08705197366870596,0.30444067553700677,-2.810837661341471
85478043.0,3.8259319361244764,1.7705562622727906,0.8620300695016582,0.2294437377316991,2.1126778538914226,-0.03246994398186579,2.0636181512115717
44990177.0,0.7048327646991334,1.8184242286319003,-0.6939733680413561,-1.1450215618741104,0.9579772391868514,0.3932810409051995,5.085862005453321
48001917.0,0.8333333333333334,1.8690101195655453,-0.031884280429260024,0.8690101195655455,0.3849001384573,-0.7492023982878776,2.1936603688391214
56266110.0,2.064094216848975,1.8895729218328956,-2.090334470601733,-0.051149423451921666,1.1030182902094139,2.209500201399392,2.0922424040546597
84163871.0,0.3564337068712938,1.500000000212637,-0.0640942168489751,0.2951672353008665,0.10956204407846072,0.10956205755801365,1.2577642825688602
48942917.0,-0.5000000000114438,-0.4999999924438747,3.4999999996308295,1.9936333777867299,-0.3849001762389972,1.9245008866661464,-1.2905202322928655
53853586.0,-1.7871325862574128,-0.7619797608689093,-0.04471025692950843,0.8895729218328954,1.0917365526616463,1.0992396999945349,0.8729158045481082
12690494.0,1.9359057831510254,3.761979760868909,1.8259319361244766,1.0,1.6879803574581984,0.4958430410832268,-0.6276248771539604
65163543.0,-0.9030133159793217,1.704832764699133,3.8259319361244764,0.8333333333333333,2.116950933263607,2.176171357325491,1.007371313238731
21896308.0,0.15215059723696617,-0.06409421684897483,0.9162774325283953,0.9617105412258534,1.0880066288334878,1.1144708032324009,1.7515216646356098
76021200.0,-0.006366622213269965,-0.15215059723696606,0.1379699304983422,1.99363337778673,2.209500201399386,1.0954801609027167,0.9544383266260097
42625100.0,-0.07714744645904996,1.6939733680413562,0.15936334451865097,0.8184242286319012,2.8742545822086165,-0.6956817423494963,-1.5108496902449877
30645226.0,2.064094216848975,-0.643566293128706,0.6825548909938285,0.8333333333333334,2.168634980590831,-1.0676485882109061,-0.8602375086731725
33841145.0,-0.14502156187411047,-2.4999999985373678,-0.7871325862574126,0.7048327646991334,-0.0925492801450584,0.07418983274039546,-3.184396532919874
29087079.0,-0.006366622213269965,-0.3060266319586437,-0.0063666222132699605,-0.9936333777867301,1.6431787900314354,2.2095002729033792,0.8978792708993785
17180338.0,-0.8620300695016583,1.8108011236524004,2.6435662931287065,0.4999999999993287,2.250180906591889,0.19245008631326882,2.012731770735662
72755560.0,0.09033447060173308,1.7705562622727906,3.825931936124477,0.13796993049834225,0.986840074800585,-0.07041156271295539,1.7531291704743708
26277130.0,0.17406806387552362,1.840636655477117,0.5000000000003032,-0.9162774325283952,1.347150718424193,1.3471506973708927,22.380664827490705
27674293.0,0.8333333333333333,3.212867413742588,3.057609776697096,0.7251989006184254,0.38062697669742007,2.2928329920943478,-0.6133718659644002
70450765.0,-0.8690101195655454,1.5000000002906486,0.32953657161680094,0.29516723530086647,-0.28648307925036176,-1.0362601470852548,-0.8304085092044114
35159341.0,0.2951672353008665,-0.49999999997984873,2.0047072159621884,0.29516723530086664,-4.308091851351269,0.07418983126677377,0.834623026091129
44999736.0,-2.03188428042926,1.9030133159793219,-0.07060573885775219,1.9488505765480786,1.0177113638783133,1.036369096524584,0.8241295476830026
21566630.0,3.0447102569295086,0.2847809744563575,-0.2558582246538404,0.5,2.2769310528134517,3.739439718269964,1.2574942933130682
21182199.0,4.000000000000022,1.1309898804344545,1.130989880434455,0.8690101195655453,0.4995336343343355,2.7721178209673942,2.037719029799998
49562740.0,-0.8620300695016592,1.8259319361244761,-0.13098988043445434,0.0,1.0252143794792312,1.6803667915974825,-0.027966188488546918
16707185.0,-0.4999999999463652,1.5000000124499724,1.5000000027341913,3.4999999923643834,3.079201393589647,1.9245008866459796,0.8606816244853448
28368484.0,-0.012735793199754852,-0.006366622213269965,5.9936333777867254,-0.006366622213269781,2.209500201399386,4.5189011589263774,-0.21604303307295594
83170694.0,-0.019110070930639916,1.704832764699133,2.006366622213253,0.22106566388642904,-1.29168981693154,0.389116772051729,1.1859954618053845
39436190.0,3.7152190255436426,3.5000000000519425,1.7048327646991366,2.5,3.079201393589647,2.2242092780261298,0.7794327277973475
78739257.0,0.1309898804311746,-0.13098988043445464,1.0,0.9359057831515504,0.36286497528786077,1.0584755246513229,7.686536938718549
99495607.0,0.2847809744563575,3.5903344706017335,0.15215059723696614,0.14502156187411058,-1.6515912740630245,1.1106300250560348,0.19067154623687668
87872441.0,1.9936333777867299,3.49999999989855,0.2048327646991336,0.5000000000003032,2.209500201399386,-1.0978269536896785,-0.0626389908799437
65660803.0,3.159363344522883,-0.3424575745793392,1.8963170839725418,0.14502156187411058,3.1431859996582294,0.056873542116778884,1.1424704520031577
85500471.0,0.05760977669709669,3.787132586257412,0.8827766887550386,0.04471025692950857,2.2315843162735174,1.1463196682547945,-0.971876535122621
42351003.0,0.4362314391414802,0.9162774325283954,-3.6704634283831523,0.5,0.1924500863132691,-0.9622504710966813,3.819941000082322
69004676.0,1.2468166888933663,1.2748010993815746,-0.7531833111106339,-1.124076014765585,7.527588783994936,-0.03246994141616501,0.8202088733116795
57275459.0,0.9488505765480785,1.7951672353008667,-0.9745079681345232,0.057609776697096965,1.0621513435321726,-2.3648620032356598,0.8520622763013097
28205471.0,-0.9936333777867301,3.670463428383199,3.787132586257413,0.8827766887550387,2.194767613245327,1.0992396958936488,2.338749869087799
13834440.0,1.9293942611422477,1.2847809744563576,1.9936333777867332,0.17406806387552362,-0.04407041476661193,0.4134463801287693,6.213362442498809
39437933.0,0.21286741374531587,0.03828945877414662,1.8620300695016525,0.10368291602745819,0.328026641115639,5.012082839203607,-0.3902043372402903
47208706.0,0.9423902233029032,3.5637685608585206,-0.13796993049834233,0.38917531339554046,-0.550676240484548,0.09403298024956963,0.6277395355616877
28981619.0,0.5000000000000435,3.5000000000519425,1.5000000100194089,-2.9617105412258535,-1.5396007318736307,0.9747473216982006,-1.539155726820347
26261402.0,-0.8690101195655454,3.725198900618425,1.2048327646991353,0.6825548909938283,0.9828484665169825,1.0917365526616467,-0.21708281426013662
67434220.0,1.9936333777867248,1.803052540894974,-0.98088992906936,-0.01273579319975476,1.054801490895789,1.0547997568224736,1.9932479825571914
30948180.0,0.98088992906936,1.7531833111066355,-1.0511494234519219,0.8030525408934698,2.7609950927012266,-0.016568068395838288,0.8515432719750408
34870851.0,0.7619797608689093,1.159363344522883,0.7789343361135709,0.8690101195655453,1.1633082595160207,2.600268479145722,2.805428718979687
66787545.0,-0.8963170839725415,1.6435662931287065,1.9488505765480781,1.9228525535409497,0.5218894564709337,2.8350675972278614,0.8499859813560949
21180742.0,0.5,3.5000000000519425,0.5,1.9808899290693602,0.04627463700316606,0.36741755481623944,-0.1404273131835699
13917173.0,0.2651745309468196,3.7951672353008665,0.20483276469913342,0.8108011236524005,-0.06296402263798272,1.0842889457106077,-0.8201877430242742
77423609.0,0.7152190255394832,1.9030133159793217,0.13796993049834222,0.8259319361244762,0.06819332587972474,-4.275097639200712,-0.7831155586495688
16395257.0,-0.006366622213269965,-0.13098988043445464,-0.006366622213269964,1.9936333777867303,-0.5979482396746842,-0.6698995059354335,1.9713132550324803
33115914.0,-0.006366622213269965,1.5000000002906486,1.2210656638864292,1.80305254089347,0.9706312818427707,2.0600777799920404,3.8426467421111816
24294903.0,1.9936333777867299,1.7619797608689045,0.15215059723696617,-0.012735793199754746,-1.2916898923148417,2.168634953284632,-3.226274542901471
15834726.0,0.13796993049834222,1.62818843369795,3.7531833111066355,0.15215059723696617,-1.8246001530998446,-0.5459430042227686,2.0057827395980636
64030535.0,-0.07060573885775229,-2.9808899290693605,-0.137969930498342,-0.9423902233029031,0.39739699430026926,0.9907966377654569,-0.9590267882632664
73553815.0,0.7871325862574126,3.8259319361244764,0.6281884336979499,1.1309898804344547,-0.07411861260290319,-0.5204766796016101,1.8641812947253937
28039362.0,0.7951672353008666,3.7789343361135708,2.0969866840206786,0.2651745309468196,0.3718911992842774,1.4827272085309988,1.974625867494779
57307622.0,0.1666666666666667,3.7789343361135708,1.80305254089347,0.7871325862574122,0.9788184268590311,3.817594616830434,0.4443209535944245
51965249.0,1.0969866840206783,-0.28478097445635736,1.9359057831510254,2.1309898804344547,-0.15222033670033455,-1.1792903265089794,-13.26135938702448
47086784.0,1.0,3.7048327646991335,1.07060573885775,0.5000000000003032,2.213176035156932,0.19245009336942273,1.9649843606110537
35126363.0,-0.137969930498342,-0.22944373773169952,1.9936333777867303,1.8184242286319008,1.7682952261549987,2.172411588354391,1.026155989687893
81886837.0,0.9162774325283954,1.7348254690531806,-0.07060573885775231,0.8184242286319002,0.9622504613904936,1.0177113638783133,2.7965491993357205
16024420.0,0.5,-0.21286741374258708,0.49999999999999994,0.5,0.1924500978645247,0.05149476860553267,-1.8050384876931032
17717300.0,0.10368291602745885,-0.2468166888933651,-0.038289458774146676,1.0063666222132703,2.209500201399386,-1.8172425629896016,0.7108097082442786
53661298.0,-0.9488505765480786,1.7871325862574121,-2.090334470601733,3.818424228631901,-0.13698927902340727,2.8661533219053377,-0.5932952177338641
33555599.0,0.7048327646991334,-0.5000000028555935,-0.006366622213270043,0.5000000000003032,0.0,0.07418983388004152,-1.7732984057470966
28449629.0,0.20483276469913342,1.7531833111066348,0.1309898804344546,0.43623143914148016,0.02203520462452612,0.15563330315440765,-5.185155944656444
71527979.0,0.15215059723696614,1.8333333333333333,1.8620300695016574,0.29516723530086647,2.116951028131612,0.09403298024956977,-0.2537327500760014
82508912.0,3.5000000000519425,3.6939733680413567,-0.31744510900832934,1.9293942611422477,0.5648534813588124,0.9622504613904914,0.8611060428501537
84490872.0,0.0,1.7951672353008667,-2.9936333777867294,-0.00636662221326996,1.047442156004607,1.0547997568224732,-1.797006717812863
53690553.0,0.05760977669709683,1.7871325862574121,0.9423902233029032,0.8963170839725418,0.3932810409051979,2.1799150541494012,-0.07158689698584587
59900885.0,0.019110070930640013,-0.43623143914148044,1.2048327646991412,1.974507968134523,2.164838860922954,1.006320851064005,-0.41803793530608985
44231220.0,5.004213228368707,1.7951672353008663,0.0,0.03188428042873886,2.213176035156932,0.4811252333226464,-6.364062176988584
43056653.0,3.935905783151026,1.3424575745759557,-0.9423902233029027,1.9423902233029031,0.9536426769814649,1.0584755246513167,1.0318604700985101
57508439.0,0.0,1.5000000002906486,1.9936333777867299,0.27480109938157465,2.213176035156932,0.33340540797553947,1.8816256067001156
65824342.0,0.778934336113571,3.7951672353008665,-1.0576097766970969,0.24681668889336514,2.662893927753533,-6.630354330289709,0.8024457955895747
32311289.0,1.6704634283831998,3.5000000000519425,3.787132586257412,0.7871325862574128,-0.32091552270610174,0.06819332035956772,0.7682456863162119
29834964.0,-0.5000000071561472,1.5000000002906486,1.778934336113571,-0.9293942611417559,-3.2716515795771257,0.9664670519313976,-12.14406010066429
33133321.0,0.9488505765480784,1.0447102569295084,3.7789343361135708,0.9293942611422475,1.1106301147803224,-1.8842710965428844,1.7874281949022828
23909034.0,0.9359057831510252,1.5000000003450509,0.13098988043445495,0.1309898804344549,3.4238722871328098,0.405498187561169,0.5612972192121239
54861410.0,0.2951672353008665,1.6939733680413305,-0.11042707816710486,0.2651745309468196,-0.004216575085647368,1.5950614874078235,0.6250055996229924
37635638.0,-6.0,-0.06409421684897496,1.0,0.0,1.0214706618575264,-0.05922023265230332,0.47815134113055163
71031180.0,2.0,-0.7531833111066348,6.0,0.13098988043445461,-0.09622503890018415,1.0768839953301959,-0.5018791160669591
70075922.0,0.9745079681345233,-0.5000000002418511,-0.9936333777867301,1.0771474464590498,2.085543658169978,1.0326619977807399,-0.5676851572467081
93574369.0,0.5000000000003032,-0.2951672353008664,0.7048327646991334,0.5,0.10956204407846072,2.584739117139381,-1.7844198186040112
16564732.0,0.06409421684897486,-0.09698668402067832,0.06409421684897502,0.935905783151025,-2.405626144932891,-0.05922022418970621,-1.8132768585125998
15388596.0,0.15936334451865108,-0.16666666666666657,1.9030133159793217,0.7705562622683004,1.065828512798677,-9.277833701324932,-0.641516934362475
96931673.0,-0.13098988043445461,1.7871325862574128,1.1309898804344547,-0.07714744645904996,2.090276975888247,0.9536426769814647,0.534979313347279
78417862.0,3.974507968134523,1.03188428042926,-1.9808899290693607,-4.99363337778673,2.2242092780261347,2.2242092780261324,-3.8348793217494372
98195567.0,0.8690101195655453,-0.13098988043445464,1.9359057831510254,-1.0640942168489749,0.444120403003478,-1.8652806587919937,1.2444577600326217
49224221.0,0.06409421684897486,1.7441417753461614,3.7951672353008665,0.80305254089347,2.7609952610810673,-0.036363683403367444,1.9925900058145676
16243875.0,-2.070605738857747,-0.7348254690531806,-0.2210656638864284,0.9936333777867298,-0.5598677081760911,0.9986141208837115,1.762876208200636
32738552.0,0.18157577136579384,-0.5000000000504695,0.5000000000000001,0.6435662931287063,0.3849001384573,-1.0262350837954555,-1.007067327831858
57915052.0,-0.9936333777867299,3.7441417753461605,-0.006366622213269637,-0.9936333777824278,0.38062697669742007,1.5353275571553544,-0.30109722256109456
20037842.0,0.5000000000000001,1.8963170839725418,1.9030133159793217,0.3564337068712937,0.36286496206224583,-0.09622504287499418,-0.047397138427373676
86115189.0,0.5637685608585199,-0.13098988043445464,1.8184242286319003,0.8259319361244765,2.1873627825037647,-0.6698995425541382,-1.863411419413822
24911188.0,1.9936333777867303,1.3060266319586435,1.9936333777867299,1.9936333777867299,1.7320507647591297,0.5773502704663801,2.8622804625297507
27027895.0,3.974507968134523,-2.9808899290693605,0.8690101195655452,2.0447102569295086,1.70350472644662,1.054799756822476,0.988481602917856
71058887.0,0.06409421684897484,1.5000000021921753,3.7441417753461605,0.7531833111066348,0.2753381162262918,0.15563330315440776,0.03163932046381604
85232929.0,0.7951672353008667,1.246816688893365,-0.09698668402067842,3.803052540894974,0.40549818756110884,-1.0742410298793335,-0.9901049915950986
38347744.0,0.22944373773169927,-0.12407601476558489,0.9617105412258534,-0.8827766887572362,-1.0606674867543258,0.9402152483305054,0.5186484739507388
75897044.0,1.00636662221327,-0.7951672353008665,2.0576097766970873,0.2951672353008665,-0.04022975478457681,-2.287365963372607,-1.780378713694214
45981658.0,1.0,1.833333333333353,1.8690101195655453,0.7951672353008666,1.0584754796437843,-1.8282758077994883,2.0200763374640287
43887332.0,0.8549784381258886,1.4999999917916658,-0.20483276470101092,-0.07714744645905018,2.168634980590831,0.5332798190412622,0.5960475873568467
88855071.0,1.499999999865634,-0.5000000057320099,1.2380202391310908,1.795167235300867,0.7698003671986037,7.5230358096202625,1.8253971120887555
46499724.0,0.9681157195707402,1.9359057831510254,2.0,2.0511494234519216,2.216851881782817,-0.06669391584192154,1.6454158702477648
37618980.0,0.1309898804344546,1.8690101195655453,1.8620300695016576,1.064094216848975,-0.020598002364318285,1.0214706618575242,-0.7319903125210682
84057085.0,-1.0382894587741465,1.7152190255436426,0.9359057831510254,0.2651745309468197,0.9947204225549334,0.3891167636872399,0.5725458133580381
92968430.0,1.0640942168489635,3.1309898804344787,-0.20483276469768952,3.7951672353008665,0.5567522402677701,2.8661533308782285,1.7698769490114188
34716246.0,3.99363337778673,0.019110070930640013,-0.006366622213269868,-2.9936333777867303,-0.15608639453809822,1.051122459997505,2.7969954595486968
75036683.0,0.862030069501658,1.8478494027630339,1.8963170839725418,0.07060573885775252,1.0695086569602181,-1.8540894099005276,-1.7992666158535318
52756472.0,1.9228525535409502,1.8108011236524002,-0.32953657161680217,-2.9936333777867294,2.1910695694197306,1.617417293270948,0.33301786134740713
56769447.0,0.8184242286319003,-0.8895729218328954,-0.0640942168489748,0.7152190255436426,0.3932810409051979,-1.0451385158310589,1.0994771670612598
56815678.0,2.051149423451922,1.2294437377316993,-4.9617105412258535,0.26517453094681953,-0.6166648656219686,0.013008976880917547,0.9467368294714757
89841488.0,0.10368291602887364,-0.11722331124496126,1.3564337068712933,0.8963170839725416,-0.03636368340336744,-0.06669391019953971,1.8836030276269418
71119657.0,0.6435662931287207,1.295167235300866,0.24681668889336508,0.3564337068712936,-1.045138515831061,-1.0451385158310609,-0.5588790042895962
21720361.0,0.04471025692950838,3.8259319361244764,-0.13098988043445486,0.057609776697096604,1.1070255200474186,3.3899829719566923,2.8220850529198076
67480202.0,-0.006366622213269965,1.8827766887550386,-0.06409421684897512,1.9936333777867299,-1.2804567163502922,1.0326619771453391,2.8259939188265735
92510561.0,-2.9936333777867294,1.0063666222132701,45.93590578315103,-0.07714744645905011,1.0511224599975044,-0.14076615777196164,-6.46304244681791
74772350.0,0.24681668889336503,1.8108011236524004,0.24681668889336497,3.96811571957074,0.34865586169428175,0.06819332646302732,0.9479650557580735
48552410.0,1.9936333777867299,3.159363344522883,-0.006366622213269847,0.26517453094681964,2.194767770793194,1.069508832998055,2.794233266787549
55774515.0,0.6435662931272321,0.9359057831510252,1.9681157195707402,0.1309898804344545,-4.567307500676838,-1.2139206781654808,-17.959496973025683
56854519.0,0.1036829160274582,-0.006366622213269965,0.9359057831510251,0.2048327646991334,1.0547997568224754,0.40146824702029205,1.8771460837589402
25627892.0,1.4999999941475146,1.5000000003583285,1.4999999961686834,3.500000006848154,3.079201393589647,3.079201352359956,-0.21705255420631162
94257896.0,1.9936333777867299,1.7251989006184254,0.1379699304983422,0.14502156187411055,-0.6698995468748736,-0.012496806816748184,1.9031939534271405
79256386.0,0.8259319361244765,1.295167235300867,-0.8549784381258895,1.7871325862574123,0.37629236759154,2.149421011302515,-3.195112012971945
59779293.0,0.2847809744563575,3.643566293128706,1.9872642068002395,-0.9936333777867301,0.4289705936242278,1.0547997568224754,0.9352383611303231
57004299.0,0.06409421684897494,1.590334470601733,-0.06409421684897469,0.12407601476558523,2.1571808082712582,1.0954803346019188,2.768048682666705
72945578.0,0.05760977669709669,1.6704634283831998,-0.8620300695016582,0.9552897430704916,-0.5898471040571258,2.183644908370387,0.015382877114012069
38349428.0,0.7441417753461603,1.7441417753461608,1.7705562622727913,1.9096655293982672,-1.0922691162951867,3.2201565922396287,-0.21779525091907692
40451720.0,0.0,1.8690101195655453,-2.064094216848975,1.9971750186464527,2.7905263476126407,0.48112524143200586,0.9378574750545537
62269796.0,-0.14502156187411047,3.6939733680413567,1.1309898804344545,0.13098988043445467,1.7682951754033471,1.7278342380055922,2.1452300709241707
70125971.0,1.8759239852344158,-0.8963170839725421,0.98088992906936,0.03188428042875303,1.6995808138950081,1.0731933527608228,1.154506273231745
43532120.0,0.9488505765480785,-0.07714744645904996,0.942390223302903,1.9359057831510254,1.0214706618575264,1.0621513435321743,-0.8412150692987563
77049366.0,-2.9293942611422477,1.8549784381258896,0.06409421684897484,0.05114942345573248,1.6803668992058753,1.0880066288334875,1.7366620109563542
90248431.0,1.9293942611422477,3.5000000000519425,1.2558582246538423,0.21286741374531573,1.01771128796732,2.2464370968242235,0.03830242013757195
78752490.0,-0.9423902233029021,1.284780974456356,-0.6939733680413558,0.09033447060173298,1.6137193750934002,1.0177113638783117,-3.367661024112079
92209175.0,0.80305254089347,-0.0837225674716045,0.06409421684897491,-0.09033447060173311,-0.040229755181074155,-1.865280678696361,-1.6620834501626807
47985383.0,5.03188428042926,1.1593633445267255,0.064094216848975,0.9293942611422475,3.4355553847377553,1.1341026180063851,2.0040481989991954
40733181.0,1.993633377786708,1.4999999998431979,1.787132586257413,3.7789343361135708,2.8661533308782277,-0.5258554658386887,2.9194585375055504
54514203.0,0.8333333333333333,1.7871325862574121,3.8184242286319,1.8690101195655455,1.1463196822450756,-0.1639039517649355,-0.23035426604685927
25908162.0,0.11042707816710466,1.847849402763034,-0.8620300695016577,0.05760977669709656,2.2278937955039337,1.0731933677624568,1.665879736740455
42221334.0,0.8895729218328954,3.5000000000519425,1.803052540894974,0.6435662931287063,-0.22869444784950685,0.19245009409975664,0.9198713345046459
63010582.0,9.99363337778673,-0.7789343361135712,-0.05760977669709681,0.2847809744563575,1.5950615264223746,0.32246885150376375,0.706054772438565
32228367.0,-2.0640942168457967,1.7531833111066348,1.1309898804344547,0.935905783151025,0.9622504947121716,0.40549818756114026,-0.5964994832445725
43882246.0,-0.9030133159793218,-0.628188433697949,-2.01911007093064,0.8690101195655453,2.036491418884683,-0.02059800095942169,1.2168881617800213
95944843.0,-1.064094216848975,-0.7048327646991335,0.8690101195655453,1.0,1.095480359198093,1.095480278090985,-5.1917215094356255
70346481.0,0.9359057831510252,3.5000000000519425,-0.06409421684897504,0.935905783151017,-0.655166909157185,0.4884782348359209,-1.5410352917498
52043475.0,-0.09033447060173308,3.787132586257412,0.1379699304983422,0.14502156187411047,2.161021390834076,-1.9120040703693268,1.9246496167198306
88834905.0,0.7152190255436426,-2.753183311106629,-0.1172233112449612,0.3060266319586435,0.05149476860553265,-3.383642151404419,0.48049111802633004
77206922.0,0.5,-0.500000000002172,0.15215059723696614,0.4999999999995425,0.1924500863132691,0.1924500838157539,2.845291919757071
30348965.0,0.8690101195655453,-0.16666666666666677,1.8690101195655453,0.9359057831510252,0.0,1.0768839383499098,-1.8659394063921817
23206167.0,3.0,-0.5000000017240112,-0.9936333777867299,3.0,-5.003702283570532,-0.7740735250030573,-0.2043966952868735
23150788.0,2.110427078167105,1.2128674137425874,1.942390223302903,0.0706057388577524,1.1144708032323989,0.4365841227969316,0.9314847035218108
64208959.0,1.9936333777867299,1.5000000002906486,0.5000000000000001,0.49999999999999994,2.209500201399386,1.6395015399383013,0.17067071189366256
62230230.0,0.5,-0.7048327646991334,0.5000000000003031,2.500000000001336,1.0584755246513209,0.19245009446533018,0.6934377066233908
17608042.0,0.06409421684897496,1.124076014765585,-0.10368291602745826,0.8963170839725417,1.1144708032323989,1.1301108624919216,2.8033931105297407
28464829.0,0.27480109938157465,1.7348254690531806,0.22106566388642915,0.2651745309468197,-0.04022975664017183,3.5265329796536897,0.2266669051404734
69882794.0,0.18157577136809977,0.8549784381258886,0.20483276469913328,0.07060573885775231,-0.7334366408742012,-1.0606674867543262,0.30195980864380795
35642417.0,1.0,-2.500000009994604,0.06409421684897487,0.21286741374531584,1.0584754836724939,2.2888029889109314,-0.8613595608623664
44393463.0,1.9359057831510254,1.8333333333333335,3.1309898804344556,0.2048327646991334,2.1761713932383615,0.3628649620622462,0.4141445694850712
99277276.0,0.21286741374531587,3.734825469053181,1.9359057831510254,0.1969474591065301,-0.03246994398186048,-0.01656806932429733,2.991845212963902
55880841.0,0.9030133159793218,3.0640942168489755,1.8690101195655453,0.8690101195655453,1.0880066288334878,-2.424034671140146,0.1387964251383407
73853960.0,-2.0511494234518213,1.9936333777867303,1.8333333333333333,-2.00636662221327,2.209500201399386,1.0511224599975046,0.15658689464046938
88453792.0,0.5,-0.4999999999876993,1.9936333777867299,-0.2048327646991333,0.9828484665169825,-1.8282758285368421,-4.726482494790551
20017037.0,3.0969866840206786,1.2380202391310906,-0.3174451090061716,0.29516723530086647,-0.14456227819201994,1.013934343445169,1.9463152135403268
28222838.0,3.9966299019350853,-1.610824686604459,1.9423902233029038,0.3718115663020502,0.9402152087830993,0.11844046213111353,3.839071563879095
41915685.0,-0.03828945877414655,-0.9030133159793219,1.137969930498342,-1.0576097766970969,2.209500326260406,-0.737330443465182,0.41730344676001585
30765402.0,-1.4999999999992275,1.4999999957353378,1.8690101195655453,0.500000000000009,0.1924500964729165,-0.9622504497925944,0.2948596368727852
16405921.0,1.9936333777867299,-0.2128674137425876,-0.10368291602745827,0.29516723530086664,1.0063208510640056,-0.06669391019953948,2.275726520534247
98325492.0,0.0,1.7531833111066355,-0.09698668402067809,0.06409421684897501,0.9828484665169825,2.194767613245328,0.07976259679429198
12556348.0,-2.9617105412258535,1.5000000002906486,-2.070605738857753,1.8895729218328952,-0.6698995403608932,2.1686349805908294,0.2311587357468944
72304205.0,0.8690101195655453,-0.0837225674716045,0.9423902233029021,0.8549784381258916,-0.028546134743148342,-0.02458972524645096,0.05283023886968153
18852239.0,0.2951672353008532,1.2951672353008667,0.7871325862574127,0.7048327646991334,2.2131759537559876,0.022035207224207397,4.1858864595460705
13399107.0,-0.03828945877414655,-0.28478097445635736,-0.12407601476558497,2.070605738857757,0.5332798264842795,1.0731933527606057,3.820228711644493
16591133.0,1.4999999922002536,-0.5000000000029226,-0.8259319361244766,1.8333333333333335,1.9245008867063695,0.9622504610455379,0.8845087547262916
47485144.0,-0.14502156187411047,-0.7871325862574123,0.1309898804344545,-0.847849402757544,3.191191801878823,1.1422037275483656,0.5636981258191488
44321708.0,0.5000000000003032,3.5000000000519425,0.18919887634759955,0.753183311106635,1.0621513595232586,0.03140727480675965,-5.523787142368755
90790338.0,0.7348254690531805,-0.14502156187411047,1.7705562622727906,0.8549784381258895,0.39739699430026926,-0.06296402263798276,1.341923806698198
23519497.0,0.8963170839725417,1.875923985234415,1.110427078167105,0.02549203186547704,1.0547997568224754,1.0289443948135164,1.3448079860497586
86027287.0,0.1309898804344546,3.6281884336979497,-0.8690101195655454,0.06409421684897493,-0.6919837218939492,2.1761713932383633,-0.6176420780096249
90980210.0,0.09698668402067825,0.9293942611422477,-0.8549784381258899,0.8827766887550387,2.172411764052489,-0.11463344088063325,-0.993725335679389
88083674.0,1.0,-0.9359057831510249,2.96811571957074,0.06409421684897515,2.2501808532844976,-0.020598000959420614,1.1566641377345361
41155110.0,-0.03188428042926,-0.61082468660446,1.3060266319586438,0.20483276469912803,2.209500201399386,0.4134463801287749,0.20502789774058064
16053527.0,5.0,1.7951672353008667,0.2951672353008665,0.935905783151025,1.0584754992897354,2.2501809306329257,1.41411251002697
57710691.0,1.9359057831510322,0.09698668402067834,1.9162774325283956,1.9617105412258535,0.4553117442340112,1.0880066288334882,-0.8891915325762457
33604199.0,0.006366622213269927,-0.8963170839725416,-0.090334470601733,3.968115719570741,-1.2325171899381764,2.1724117640524887,-2.35896765781351
81660077.0,0.14502156187411047,3.5000000000519425,1.9936333777867303,0.3891753133955406,1.9245008867063695,0.36741755614403715,-0.9511714853998842
20111516.0,0.8963170839725421,1.6435662931287058,1.8690101195655453,0.4362314391414801,1.0547997568224754,0.36286498157778013,0.8297512130085315
91011197.0,0.6825548909934954,1.6939733680413667,-0.07060573885775226,0.8108011236524005,1.1767357471281952,0.3628649620622459,4.32449588866788
30650825.0,-0.006366622213269965,0.9552897430704916,0.0903344706017332,0.8333333333333333,-0.06669391019953992,-0.7828093357523092,1.0004480387586763
22147892.0,0.9552897430704916,-0.15215059723696606,1.889572921832895,0.04471025692950814,-0.7068362398628129,0.4515940962200292,1.7505103986221076
75678620.0,1.9936333777867299,1.7251989006184254,-0.0706057388577522,-0.9936333777867301,1.6395015831851691,2.209500269825216,-0.047638630623819005
57429134.0,1.9936333777867299,1.7531833111066355,-0.00636662221327003,-0.006366622213270105,2.209500201399386,1.0547996310877983,-1.0378375266570257
28119062.0,0.99363337778673,3.7951672353008665,1.9872642068002615,0.03188428042925996,1.065828547336014,2.2058229897157307,1.3537852551921947
68617739.0,0.7871325862574126,-0.7441417753461602,2.7348254690531806,0.18157577136809974,1.5759644028969524,0.01748262340269616,-1.8383024992486228
48972864.0,0.903013315979322,1.7152190255436426,2.9293942611422477,1.903013315979322,2.0545196749892622,0.5816235141236749,0.14319606435204346
27744136.0,0.5000000000003032,-0.13098988043445464,-0.06409421684897501,0.5000000000003032,0.02203520462452612,0.3628649620622466,-0.20336065397628564
36406295.0,-1.9999999999999856,3.5000000000519425,0.13098988043445453,0.34245757457595566,2.7831733756847883,1.0584755246513198,-0.849598273820864
58106185.0,3.0640942168489755,-0.5000000159052607,3.74414177534616,0.778934336113571,2.8661533308782277,-1.8393090590285148,-0.6828615429182725
51500545.0,1.8690101195655453,-0.7951672353008665,3.7951672353008665,0.06409421684897512,-1.3265526770749179,2.886751400043032,2.031828816095799
32773022.0,-2.0576097766936603,3.5637685608585206,-0.06409421684897504,-0.006366622213270126,1.0214706618575264,2.209500201399379,0.15085394116279133
57472271.0,-2.064094216848975,1.9030133159793219,3.833333333333333,0.06409421684897466,2.1761713932383615,1.1301109115205792,-0.06826543706683401
95481408.0,1.9359057831510254,1.5000000002906486,1.948850576548078,-0.9872642068002451,1.0063207813209065,1.0363690379120802,-0.33812306568871886
61556162.0,1.9999999999999936,1.3060266319586438,0.7531833111066352,0.7251989006184251,-0.09622504903557645,0.2753380998357092,1.0660418039190935
79411810.0,0.8333333333333334,3.7048327646991335,1.9681157195707402,0.09698668402067816,1.0584755454006358,0.40549818756109,-0.023299716326564836
78142727.0,2.057609776697097,-0.2951672353008666,0.8406366554771233,0.07714744645905004,-0.7143395770206449,1.058475524651322,-0.8863596213606836
39332775.0,-0.006366622213269965,1.0063666222132701,-0.4999999989008916,-0.006366622213269938,1.6395016161093525,-0.09990082252657644,-0.2038353112392163
30625029.0,0.7619797608689093,1.8333333333333333,0.06409421684897498,0.2128674137453159,0.0940329850297767,-1.0742410024730862,5.968691324504487
26950590.0,0.34245757457595566,1.8620300695016578,0.3060266319586435,0.7152190255436426,1.639501610703386,-1.080510880416512,0.318789639067326
94407861.0,0.22106566388642912,3.725198900618425,1.795167235300867,0.8827766887550389,0.05687354211677892,0.9828484613630657,1.0158714589886835
31253284.0,0.5000000000003032,3.5000000000519425,0.5000000000000001,0.5,-0.9622504710966812,2.0487577456573067,-0.41995873142917217
59190221.0,0.5,3.6281884336979497,8.898155555849701e-17,0.5,2.202142657751814,1.0547997568224732,1.7292104172248828
17237392.0,1.9936333777867299,-0.20483276469627792,0.8620300695016578,-0.8759239852344128,-0.004216575129373452,-1.0805108804165122,0.2804834780436232
53223038.0,1.3891753133974472,-2.500000010469669,1.8620300695016578,0.6435662931287063,1.9766550615611744,-1.045138515831057,-0.98777909515932
83298347.0,1.8478494027630339,-0.20483276469913347,-0.99363337778673,1.9030133159793214,1.7154827251941112,2.823787416395864,2.7929105672467607
54018010.0,-0.9293942611422477,1.2951672353008667,1.9030133159793214,-0.9936333777867299,-1.3186044784895192,1.0547996695015471,-2.296736048065458
55283809.0,-0.9359057831510251,1.6435662931287065,3.6435662931287056,0.6435662931287063,2.1571808082712582,-0.9622504683029145,1.0762623221878251
67679972.0,0.9359057831510252,3.833333333333333,0.13098988043445453,0.06409421684897475,2.202142662298686,-0.7698003575527786,1.1033540800965698
71795049.0,0.08372256747160474,-2.499999999089997,1.9936333777867303,1.9936333777867303,-0.04788779971643348,-0.7492023426640733,-0.05038685024786347
74365807.0,0.0,1.5000000002906486,1.9359057831510254,2.0640942168489746,1.0584755246513209,0.4811252383584051,-0.017882252684535412
70575037.0,0.06409421684897489,-0.7951672353008666,-0.8333333333290144,-2.9359057831539714,0.4441204171835665,2.1169510281316066,1.980246254666995
29754426.0,-0.14502156187411047,-0.3174451090061716,1.9423902233029033,1.0511494234519216,1.0214706618575264,0.957977239186851,-2.8828955409971098
47925711.0,0.5,-0.137969930498342,-0.07714744645904947,0.62818843369795,0.03624435956565404,0.04119600727381078,-1.208236562548672
93554766.0,1.744141775346161,0.1309898804344547,1.8184242286319003,1.6435662931287054,2.1873627825037647,2.227893795503932,-0.33502601068245014
31587724.0,1.0706057388577528,1.9030133159793219,-0.006366622213269915,0.064094216848975,1.0177113638783133,1.0954802632869658,-0.9021826094789037
13206522.0,1.064094216848975,3.5000000000519425,-0.13796993049834175,0.1521505972369662,-1.7645207889296806,0.4014682418015137,-0.43119074188713996
12135393.0,-0.09033447060173308,1.7951672353008667,1.9228525535409497,0.9617105412258533,1.0289443948135166,1.0511224599975046,2.015490697115915
15833029.0,0.07714744645905,3.7048327646991335,-0.8759239852344154,2.2847809744563574,0.026674014097219156,2.967210826846725,1.3255026455962975
15841318.0,-0.044710256929508446,1.8895729218328956,-0.11042707816710527,0.19694745910652992,2.1873627825037647,0.3628649620622484,-0.19562251263698682
26166759.0,0.019110070930639985,1.8108011236523824,-2.070605738857753,0.8184242286319003,0.4212637177910385,-0.032469943638680596,1.5551706939230596
24209097.0,0.8549784381258886,3.810801123652401,-0.9096655293982668,0.8184242286319005,0.4251299366506885,2.209500201399381,0.20190455162491244
54799251.0,0.20483276469913342,1.5000000002906486,0.15936334452288295,0.17406806387552357,-2.485283183764375,0.3806269766974189,1.3560807986654815
67700187.0,0.5000000000000228,1.4999999930004337,3.7348254690531806,0.5,-1.4213404478005056,1.099239699994534,-0.9165158485693534
66518807.0,1.987264206800245,1.9936333777867299,1.9936333777867303,-0.0063666222132699474,-0.6698995505471399,1.0547997568224725,0.24152378220213414
71869323.0,0.9745079681345233,3.7951672353008665,0.057609776697096854,0.32953657161680094,1.0621512626005691,-0.7655838279724888,1.7154777056534065
67470829.0,0.9293942611422477,3.083722567471596,-1.1036829160274584,0.0969866840206784,2.1836449083703875,1.610012235827665,-0.13030192888576037
44664910.0,0.7048327646991334,3.734825469053181,1.7048327646991341,0.7348254690531805,1.4714074096124183,1.2115740543636602,1.0013595711618812
95183688.0,0.862030069501658,-0.14502156187411047,4.064094216848975,0.19694745910653014,-0.6329272671667767,0.013008976880917527,-0.6329272671667767
42134751.0,0.11722331124496113,1.7705562622727906,3.787132586257412,0.98088992906936,1.920912983163508,1.0024801040728297,1.920912983163508
43182876.0,0.16666666666666669,1.56376856085852,1.5637685608585206,3.7871325862574126,-0.10111192071559429,2.0298988514878498,-0.10111192071559429
20246478.0,0.9293942611422477,1.9293942611422477,-0.8620300695016573,0.9359057831510254,-0.7471479169562797,2.1873627825037656,-0.7471479169562797
37624507.0,3.833333333333333,3.7048327646991335,1.7871325862574137,0.8108011236524003,0.34192038176942324,2.681292282304348,0.34192038176942324
17913751.0,0.778934336113571,1.2380202391310906,1.8827766887550388,0.18919887634759938,3.9009885402303532,0.4134463801287706,3.9009885402303532
85923222.0,-0.006366622213269965,-0.17406806387552368,1.9936333777867303,2.064094216848975,-2.3361259254345454,4.5041685923856765,-2.3361259254345454
94467583.0,0.06409421684897486,-0.13098988043445464,1.0771474464590503,0.7531833111066351,-0.1532592008053386,0.04627463583023074,-0.1532592008053386
39465173.0,0.0,-0.7048327646991335,1.9681157195707402,1.0,1.6585035743364616,2.2131760351569327,1.6585035743364616
69534323.0,1.9936333777867299,-0.2951672353008666,0.18919887635252794,0.896317083972542,1.1760373002466862,2.2769311405415094,1.1760373002466862
57646920.0,1.00636662221327,-0.5000000099723239,0.0,2.0,4.274161198859408,-2.9829764226911193,4.274161198859408
80287322.0,0.8259319361244765,1.7951672353008667,0.2847809744563575,0.7871325862574127,3.0521977700144065,0.01748262299713471,3.0521977700144065
62289180.0,3.9808899290693596,3.725198900618425,1.8549784381258898,0.15936334451693493,0.6398836757756902,-0.1407661433975121,0.6398836757756902
54473545.0,0.20483276469913342,2.0,1.9030133159793217,0.7951672353008665,4.8923213067055205,0.07418982548856301,4.8923213067055205
86021696.0,0.7251989006184251,-1.9359057831510254,0.6435662931287063,0.2558582246538398,-0.8505113231144833,-1.0451384215200554,-0.8505113231144833
24025005.0,1.7789343361135708,-0.35643370687129405,1.7871325862574128,3.6825548909938295,0.8799241695463739,0.9622504613904945,0.8799241695463739
16591829.0,1.974507968134523,1.987264206800245,1.9936333777867303,-0.01273579319975485,-0.4285378217348475,2.2095002013993974,-0.4285378217348475
35701966.0,0.5000000000000001,1.62818843369795,0.5,0.5,-0.2416745524476432,1.3471506704516831,-0.2416745524476432
82168208.0,-2.0640942168435172,1.7251989006184254,1.8549784381258896,1.9936333777867359,1.987356409635573,2.209500201399399,1.987356409635573
34169544.0,0.9359057831510252,-0.044710256928069826,0.06409421684897486,0.9359057831510251,1.408277401871514,1.1958964983672398,1.408277401871514
95560204.0,0.7048327646991334,3.342457574575955,0.5000000000003031,0.7048327646991334,1.1026258543999712,-0.9622504710966813,1.1026258543999712
98483826.0,-0.006366622213269965,3.5000000000519425,-0.8333333333327618,0.0063666222132699336,0.8326551875581406,-0.6735753427478874,0.8326551875581406
46359502.0,0.7251989006184251,1.6939733680413667,0.22106566388642915,0.5903344706017333,1.937989226082121,0.1014929289260682,1.937989226082121
74464111.0,1.9293942611422477,3.5000000000519425,3.7789343361135703,0.5000000000000001,0.9184928901836817,0.19245008631326882,0.9184928901836817
40346499.0,1.9030133159793219,1.7152190255436426,1.8333333333333333,0.06409421684897491,2.8733318075350947,2.2131760351569336,2.8733318075350947
84044844.0,-0.0511494234519216,1.8333333333333335,3.9936333777867303,0.8759239852344148,-27.46227181043115,1.4984047448622992,-27.46227181043115
54715361.0,1.92285255354095,1.935905783151025,-0.13098988043445453,0.9423902233029032,-0.3723994970221788,0.45159407352368797,-0.3723994970221788
43231329.0,0.9228525535409502,3.6939733680413567,0.02549203186547707,3.0127357931997545,1.7669033286567728,-0.0666939101995401,1.7669033286567728
17752870.0,0.8333333333333333,1.8030525408934697,0.9162774325283954,0.8184242286319002,-1.0464544510379281,2.2928330574788776,-1.0464544510379281
41718989.0,0.5000000000000034,3.5000000000519425,-0.11042707816710454,-1.7348254690531806,-1.3168178615844128,-1.2656434100967182,-1.3168178615844128
51703155.0,2.500000000000655,1.8690101195655453,1.0511494234519405,0.17406806387552362,0.7407620338506532,1.0805819153297465,0.7407620338506532
26871677.0,0.862030069501658,1.7251989006184254,3.0640942168489755,0.8259319361244765,1.6019150263627688,0.3762924004966412,1.6019150263627688
88425676.0,1.9808899290693602,3.7951672353008665,1.0127357931997543,1.9552897430704927,2.012635603670523,0.4515940934163189,2.012635603670523
14648527.0,1.0063666222132701,-0.5000000094310791,3.051149423451922,0.7531833111066352,-1.3278716203432086,1.0547997568224727,-1.3278716203432086
36076267.0,-0.006366622213269965,-0.18919887634759952,3.7871325862574134,0.8478494027630339,0.5117767418489804,1.0547997568224743,0.5117767418489804
73472181.0,3.99363337778673,1.8690101195655453,-2.929394261142248,1.993633377786734,-1.8108586450203454,2.85038764233953,-1.8108586450203454
86193768.0,0.09698668402067824,1.8690101195655453,2.1309898804344547,0.16666666666666674,-2.838008033137947,0.31071033656109287,-2.838008033137947
85188816.0,0.24681668889336505,3.7951672353008665,1.9681157195707402,3.9936333777867303,0.338321633706672,1.0511224599975046,0.338321633706672
50124386.0,0.13796993049834222,1.9359057831510254,1.9228525535409506,1.9552897430704914,-2.8298282966608777,2.168634980590831,-2.8298282966608777
97285116.0,0.7152190255436426,-0.3424575745759556,1.8259319361244761,0.847849402763034,-0.8511884878560683,-0.008380856424160919,-0.8511884878560683
71487220.0,0.8549784381258895,1.9423902233029033,0.9423902233029018,0.7951672353008666,1.6395244840064271,0.36286496206224556,1.6395244840064271
42634445.0,-0.8690101195655454,1.2951672353044266,-2.1309898804344547,0.09698668402067823,-4.073043252196139,1.6579321655573767,-4.073043252196139
79974470.0,1.8333333333333335,3.833333333333333,-0.1309898804344545,0.9681157195707399,0.8136149421128157,2.1947676132453267,0.8136149421128157
76464369.0,0.0640942168489749,-2.6435662931287127,2.064094216848975,-3.8895729218328965,0.9323681825963187,1.172183210554262,0.9323681825963187
78623371.0,1.0063666222132701,1.62818843369795,0.778934336113571,0.847849402763034,2.0095292933008126,1.1030182902094132,2.0095292933008126
87061241.0,0.0640942168489749,-0.7619797608689091,-0.14502156187411028,0.8895729218328954,-1.0166044246861146,0.9664670390459235,-1.0166044246861146
36713135.0,0.6435662931287063,3.6939733680413567,10.935905783151027,0.12407601476558501,0.320729150135083,-1.1326653338981543,0.320729150135083
21365807.0,0.5,3.5000000000519425,2.500000000001348,0.49999999999985617,0.9612316310420956,-0.9622504710966813,0.9612316310420956
91985246.0,1.9936333777867299,-0.8549784381258895,-1.064094216848975,0.13796993049834222,0.8855487034585457,0.42897061199678277,0.8855487034585457
56918218.0,0.903013315979322,1.8333333333333335,0.08372256747160484,0.9030133159793217,0.6554292606364853,-0.04407041476660935,0.6554292606364853
20075484.0,2.9617105412258855,3.7951672353008665,3.8108011236524,1.942390223302903,70.02887654872049,2.8783706075337556,70.02887654872049
69062024.0,-0.006366622213269965,1.1666666666666667,2.096986684020678,0.0,1.6424506824062115,-1.9245009804671127,1.6424506824062115
77427092.0,3.0837225674716047,-2.5000000007744623,1.7705562622727913,1.0,6.180002020871119,0.982848455503799,6.180002020871119
21280553.0,0.8333333333333333,1.1521505972369661,1.8333333333333335,-2.00636662221327,-1.0961161688194394,5.103603571127992,-1.0961161688194394
33870662.0,0.11722331124496113,1.2380202391310906,0.7871325862574124,1.62818843369795,0.44167586140111587,0.9907966377654568,0.44167586140111587
72830449.0,-0.044710256929508446,-0.23802023913109094,1.1891988763475994,-0.9872642067982411,-2.8345195530513845,1.0326619771453394,-2.8345195530513845
25463912.0,3.9936333777867303,-0.006366622213269965,-2.9936333777867303,-0.9936333777867299,3.028187249696527,0.48480098924703663,3.028187249696527
61137539.0,0.8690101195655453,1.2951672353008612,3.7531833111066346,2.753183311106635,2.050822600994205,2.7148993019240564,2.050822600994205
62673514.0,3.7705562622727906,1.8478494027630339,-0.8108011236524014,3.810801123652401,1.9617236909635982,0.9053769408957959,1.9617236909635982
83543226.0,1.8478494027630339,3.670463428383199,-0.19694745910653133,0.8030525408934703,-0.029742284656589037,0.41344638012882845,-0.029742284656589037
67148793.0,-4.961710541225854,-0.09033447060173308,-0.006366622213269997,1.9936333777867303,0.06830694859141284,-6.936583865678848,0.06830694859141284
59178262.0,0.13796993049834222,1.8963170839725418,-0.038289458774146495,-0.9617105412258535,-0.01257476282246187,2.2095003398305657,-0.01257476282246187
88197539.0,1.9617105412258535,-0.07060573885775229,0.04471025692950835,-1.0576097766970969,-0.03532862245596641,-1.0805108804165122,-0.03532862245596641
84967922.0,0.5000000000003032,-0.4999999912338902,0.5,0.2951672353008666,0.012838671894191028,0.07418982548856312,0.012838671894191028
14309341.0,1.8963170839725418,0.24681668889336503,-0.09698668402067835,3.7441417753461605,0.3629448375659442,-0.016568069205237495,0.3629448375659442
80283820.0,1.8108011236524004,3.7441417753461605,-0.8333333333333335,0.10368291602745897,6.171326667181178,2.216851881782818,6.171326667181178
52856099.0,1.1740680638755239,-0.19694745910653016,1.8478494027630339,3.0254920318654595,5.534591659703254,0.9706312818427701,5.534591659703254
98568584.0,-0.01911007093063994,3.787132586257412,1.9872642068002448,0.7705562622683008,0.8049979146340157,2.2352823348586823,0.8049979146340157
81947206.0,1.0,3.7951672353008665,1.96811571957074,1.0,1.8630915992986727,-0.09622504677974224,1.8630915992986727
71509402.0,-0.49999999983144433,1.2748010993815748,3.499999979139211,1.6939733680413676,0.8597253024269524,2.0364913852204367,0.8597253024269524
20463306.0,0.07060573885775258,1.8690101195655453,0.9488505765480784,0.7951672353008663,-0.03817423677569506,-0.7964744090208511,-0.03817423677569506
14234412.0,3.159363344522883,3.5000000000519425,1.6435662931287172,1.9096655293982672,1.83761443144113,1.9245008866057491,1.83761443144113
78831293.0,1.7531833111066355,1.5000000002906486,-2.0771474464590503,0.8406366554771173,-0.7605067330917242,0.3762923675915419,-0.7605067330917242
22235167.0,1.9936333777867299,-2.00636662221327,1.9293942611422477,0.025492031865476883,-0.0025257239405816387,-0.004216575129373752,-0.0025257239405816387
54091671.0,0.5,3.7152190255436426,1.8690101195655455,0.07060573885775256,2.6938314393883953,2.2021432043710174,2.6938314393883953
76091980.0,-0.044710256929508446,1.6939733680413667,-0.9936333777867301,-1.0,1.833251453655568,2.2095002013993974,1.833251453655568
97427203.0,0.5000000000000003,1.9030133159793219,0.5000000000003032,2.50000000000079,-0.9047621427104723,-0.9622504710966813,-0.9047621427104723
93786003.0,0.9293942611422475,-0.3424575745759555,3.6575424254240425,0.09033447060173318,2.838949900161369,-1.1987707276807207,2.838949900161369
80755375.0,0.5,0.5637685608585199,1.935905783151025,0.5000000000000001,1.984175618809725,1.3839673488952446,1.984175618809725
13104693.0,1.875923985234415,3.6939733680413567,1.8620300695016578,0.7871325862574128,-0.918041006871038,0.38490013845730187,-0.918041006871038
91294478.0,0.09033447060173315,1.6575424254240454,0.15215059723696617,0.14502156187411058,-0.04067821079065069,1.1106300926032087,-0.04067821079065069
75520080.0,1.7619797608689092,-0.5000000006739617,-0.0706057388577524,0.9745079681345235,1.154923388963243,1.66535684869349,1.154923388963243
49531384.0,1.9488505765480781,0.99363337778673,3.8333333333333335,2.9552897430704923,1.8829913609074818,2.176171393238363,1.8829913609074818
16248336.0,0.019110070930640013,-0.6825548909938283,1.7871325862574121,0.8963170839725418,2.6735282439527035,1.0547997568224732,2.6735282439527035
37761860.0,2.096986684020678,-0.2558582246538398,0.7871325862574128,0.8620300695016582,1.807888076668816,3.464101474896517,1.807888076668816
36865400.0,0.7531833111066352,1.7951672353008667,1.2468166888933647,2.643566293128706,4.312341949972051,0.1095620440784615,4.312341949972051
50884683.0,-62.01273579319975,-0.07060573885775227,0.11042707816710472,0.9423902233029032,-0.1518410461021232,1.1106300926032082,-0.1518410461021232
80934627.0,0.0,-0.2048327646991336,1.0,0.0640942168489751,-0.959737241271273,-0.0778166429944053,-0.959737241271273
60719131.0,1.0706057388577528,3.7705562622727906,-0.07060573885775233,1.9681157195707402,-1.6341082453619975,2.183644908370386,-1.6341082453619975
85413122.0,0.5000000000003032,1.795167235300867,1.9745079681345235,0.13098988043445464,1.0513501350578667,0.44412040300347805,1.0513501350578667
83416456.0,-2.9808899290693605,-0.500000000002263,1.1309898804344545,-2.025492031865477,5.559884757759002,-3.9899571280280104,5.559884757759002
76913577.0,1.0837225674716047,1.6435662931287065,1.7871325862574128,0.38917531339554073,1.9699341490419464,-1.0362600792622894,1.9699341490419464
