,q2_pred_pa,q2_real_pa,q2_pred_pb,q2_real_pb,q2_pred_pab,q2_real_pab,q3_pred_pa,q3_real_pa,q3_pred_pb,q3_real_pb,q3_pred_pab,q3_real_pab,q4_pred_pa,q4_real_pa,q4_pred_pb,q4_real_pb,q4_pred_pab,q4_real_pab,q5_pred_pa,q5_real_pa,q5_pred_pb,q5_real_pb,q5_pred_pab,q5_real_pab
75036683.0,[[0.69639391]],0.57,[[0.48069759]],0.56,[[0.74241342]],0.56,[[0.51183857]],0.8,[[0.37573813]],0.61,[[0.69728072]],0.59,[[0.61882456]],0.51,[[0.42813946]],0.72,[[0.34558285]],0.59,[[0.48509268]],0.69,[[0.62556253]],0.8,[[0.37748179]],0.86
28119062.0,[[0.57723442]],1.0,[[0.47767539]],0.66,[[0.85786337]],0.66,[[0.5437036]],0.21,[[0.39872159]],0.26,[[0.26493819]],0.65,[[0.7762419]],1.0,[[0.44574004]],0.62,[[0.90582596]],0.75,[[0.48643509]],0.89,[[0.65211582]],1.0,[[0.23090959]],0.85
92209175.0,[[0.50699756]],0.92,[[0.44426077]],0.15,[[0.69685236]],0.8,[[0.76587809]],0.83,[[0.30654666]],0.92,[[0.87306384]],0.84,[[0.45178127]],0.88,[[0.68110466]],0.32,[[0.33108136]],0.84,[[0.4555473]],0.71,[[0.71731919]],0.86,[[0.3109268]],0.91
91480091.0,[[0.46083075]],0.5,[[0.50852156]],0.5,[[0.09124923]],0.5,[[0.54689528]],0.45,[[0.38522377]],0.48,[[0.762621]],0.5,[[0.34608168]],0.55,[[0.5849007]],0.45,[[0.22979414]],0.4,[[0.655928]],0.32,[[0.27763324]],0.32,[[0.79198077]],0.49
22235167.0,[[0.49727995]],0.14,[[0.53143033]],0.51,[[0.14726283]],0.51,[[0.52881177]],0.72,[[0.52659312]],0.71,[[0.26517887]],0.84,[[0.47062274]],0.39,[[0.64386445]],0.6,[[0.83703606]],0.56,[[0.52706534]],0.41,[[0.48231603]],0.72,[[0.6481554]],0.41
15841318.0,[[0.44333808]],0.77,[[0.51494935]],0.8,[[0.8334828]],0.84,[[0.57052626]],0.84,[[0.56976778]],0.51,[[0.40005889]],0.51,[[0.62168909]],0.93,[[0.55211483]],0.76,[[0.42908923]],0.29,[[0.49093601]],1.0,[[0.82499424]],0.63,[[0.86711523]],0.87
83298347.0,[[0.2909975]],0.91,[[0.69282812]],0.01,[[0.79648255]],0.0,[[0.74604579]],1.0,[[0.52489384]],0.1,[[0.86273025]],0.51,[[0.65263645]],0.08,[[0.469071]],0.92,[[0.26815666]],0.26,[[0.6974942]],0.51,[[0.449516]],1.0,[[0.28698639]],0.5
78551091.0,[[0.62145556]],0.39,[[0.45007278]],0.56,[[0.23352046]],0.4,[[0.61662516]],0.53,[[0.44151439]],0.65,[[0.80129353]],0.66,[[0.35492181]],0.68,[[0.40711857]],0.48,[[0.15937019]],0.6,[[0.65445333]],0.79,[[0.41554736]],0.39,[[0.77279177]],0.58
17717300.0,[[0.55793365]],0.62,[[0.53256171]],0.62,[[0.66585162]],0.6,[[0.42078193]],0.16,[[0.52452658]],0.16,[[0.14562763]],0.18,[[0.58075761]],0.62,[[0.62916087]],0.58,[[0.80632901]],0.15,[[0.53603148]],0.13,[[0.2967294]],0.08,[[0.23276262]],0.09
40904762.0,[[0.57194578]],0.51,[[0.47472202]],1.0,[[0.25492608]],0.51,[[0.53480985]],0.5,[[0.4984009]],0.5,[[0.69325194]],0.5,[[0.47170866]],0.9,[[0.45576864]],0.51,[[0.14880367]],0.5,[[0.41164358]],0.9,[[0.26022068]],0.9,[[0.48466441]],0.9
12556348.0,[[0.39265167]],0.6,[[0.59453175]],0.4,[[0.78412679]],0.6,[[0.46015972]],0.1,[[0.50094205]],0.7,[[0.2249263]],0.29,[[0.5359754]],0.6,[[0.45119954]],0.4,[[0.76336092]],0.6,[[0.57852309]],0.84,[[0.25654257]],0.2,[[0.10770151]],0.2
56815678.0,[[0.49800804]],0.91,[[0.51329697]],0.81,[[0.67011496]],0.76,[[0.50727226]],0.78,[[0.51160441]],0.74,[[0.78581831]],0.71,[[0.43114328]],0.75,[[0.64270829]],0.73,[[0.32451824]],0.79,[[0.2196527]],0.76,[[0.50930262]],0.74,[[0.13306904]],0.79
10477237.0,[[0.53121439]],0.11,[[0.44521299]],0.15,[[0.10156931]],0.09,[[0.54742072]],0.68,[[0.56260483]],0.3,[[0.84950339]],0.34,[[0.18486415]],0.37,[[0.3849061]],0.4,[[0.1120514]],0.41,[[0.42512902]],0.52,[[0.48505499]],0.43,[[0.75212362]],0.38
79974470.0,[[0.49710977]],0.29,[[0.5297313]],0.72,[[0.1457908]],0.41,[[0.52657481]],0.71,[[0.5433056]],0.56,[[0.74836875]],0.55,[[0.40843707]],0.25,[[0.49467861]],0.55,[[0.22672057]],0.63,[[0.49567284]],0.75,[[0.47052806]],0.48,[[0.60066637]],0.5
50884683.0,[[0.50321313]],0.4,[[0.52870089]],0.82,[[0.14894341]],0.76,[[0.48615376]],0.65,[[0.38499415]],0.14,[[0.71961225]],0.62,[[0.58070577]],0.67,[[0.64892912]],0.36,[[0.4179013]],0.36,[[0.46885475]],0.84,[[0.54492135]],0.32,[[0.74382132]],0.58
42625100.0,[[0.469666]],0.24,[[0.48215142]],0.4,[[0.08038559]],0.18,[[0.52631029]],0.82,[[0.51416631]],0.82,[[0.81366865]],0.74,[[0.63386799]],0.63,[[0.57541532]],0.47,[[0.83244534]],0.56,[[0.39016944]],0.53,[[0.72310769]],0.53,[[0.27717696]],0.53
44664910.0,[[0.67291519]],0.62,[[0.22138125]],0.58,[[0.78895129]],0.75,[[0.43804864]],0.51,[[0.49586043]],0.51,[[0.20745414]],0.52,[[0.53739787]],0.51,[[0.63895292]],0.52,[[0.36386081]],0.51,[[0.45963899]],0.62,[[0.776672]],0.0,[[0.89251255]],0.51
75520080.0,[[0.62546397]],0.51,[[0.54592028]],0.72,[[0.24596493]],0.51,[[0.32335266]],0.3,[[0.56650906]],0.3,[[0.69783746]],0.51,[[0.39390674]],0.29,[[0.44118105]],0.84,[[0.6198168]],0.51,[[0.52522534]],0.3,[[0.42159396]],0.3,[[0.24934578]],0.31
32360531.0,[[0.46315357]],0.51,[[0.50544302]],0.51,[[0.09072545]],0.51,[[0.592725]],0.51,[[0.34509424]],0.55,[[0.16708633]],0.51,[[0.57962995]],0.51,[[0.31010046]],0.51,[[0.68121104]],0.51,[[0.58280191]],0.51,[[0.24537218]],0.51,[[0.73362836]],0.51
41791574.0,[[0.51263667]],0.16,[[0.48009054]],0.33,[[0.11750614]],0.21,[[0.58126182]],0.68,[[0.40465805]],0.61,[[0.77597626]],0.63,[[0.71676638]],0.65,[[0.6751867]],0.09,[[0.91923342]],0.4,[[0.25276746]],0.23,[[0.71949873]],0.78,[[0.21364271]],0.6
46798937.0,[[0.54576444]],0.31,[[0.45654444]],0.18,[[0.15861334]],0.75,[[0.39967227]],0.73,[[0.71469796]],0.8,[[0.88587915]],0.73,[[0.61641945]],0.29,[[0.66165444]],0.14,[[0.80110494]],0.24,[[0.54744221]],0.59,[[0.44152934]],0.33,[[0.27337545]],0.69
43231329.0,[[0.57043202]],0.9,[[0.66436565]],0.47,[[0.3009196]],0.55,[[0.59956972]],0.6,[[0.16836247]],0.9,[[0.10298729]],0.7,[[0.46103938]],0.65,[[0.38623884]],0.05,[[0.64330473]],0.5,[[0.49898536]],0.6,[[0.48282573]],0.4,[[0.7413159]],0.4
57710691.0,[[0.54070902]],0.6,[[0.46887708]],0.85,[[0.81146297]],0.7,[[0.40601936]],0.1,[[0.3300802]],0.9,[[0.22837481]],0.25,[[0.39542591]],0.75,[[0.58746196]],0.5,[[0.78916985]],0.6,[[0.37057748]],0.7,[[0.45191021]],0.8,[[0.18392666]],0.8
98195567.0,[[0.52847403]],0.5,[[0.48383811]],0.6,[[0.62383096]],0.6,[[0.3874988]],0.6,[[0.36162159]],0.5,[[0.0651392]],0.7,[[0.50374205]],0.55,[[0.56132799]],0.75,[[0.77410894]],0.8,[[0.49494314]],0.5,[[0.4338416]],0.6,[[0.28322314]],0.5
91011197.0,[[0.48177457]],0.39,[[0.57193243]],0.67,[[0.79603413]],0.34,[[0.29866119]],0.56,[[0.64735831]],0.34,[[0.74965031]],0.56,[[0.42247431]],0.41,[[0.51433565]],0.39,[[0.10464597]],0.44,[[0.48545424]],0.33,[[0.59685595]],0.63,[[0.26202976]],0.63
95944843.0,[[0.52369956]],0.5,[[0.47931077]],0.5,[[0.6154483]],0.5,[[0.63563353]],0.5,[[0.65451046]],0.5,[[0.3323765]],0.5,[[0.6340996]],0.6,[[0.45620905]],0.6,[[0.74659646]],0.7,[[0.47445532]],0.6,[[0.39524428]],0.5,[[0.28368768]],0.6
16395257.0,[[0.47959994]],0.63,[[0.50078529]],0.79,[[0.11552465]],0.64,[[0.56519574]],0.62,[[0.31261939]],0.56,[[0.14962529]],0.6,[[0.50148476]],0.7,[[0.31800672]],0.7,[[0.64569935]],0.7,[[0.50872695]],0.6,[[0.28602393]],0.63,[[0.70183219]],0.61
12052628.0,[[0.46453689]],0.7,[[0.50255232]],0.69,[[0.09345541]],0.77,[[0.58976794]],0.24,[[0.34438918]],0.4,[[0.16671154]],0.31,[[0.59323757]],0.31,[[0.62730971]],0.44,[[0.79483112]],0.28,[[0.40996918]],0.72,[[0.48807896]],0.67,[[0.83439245]],0.76
96987285.0,[[0.42071443]],0.26,[[0.56577043]],1.0,[[0.12975939]],0.72,[[0.58651119]],0.39,[[0.53936463]],0.77,[[0.88452889]],0.79,[[0.37990006]],0.89,[[0.50706268]],0.2,[[0.6799124]],0.68,[[0.49467685]],0.58,[[0.35149321]],0.83,[[0.11118892]],0.82
20111516.0,[[0.61064547]],0.86,[[0.46508004]],0.8,[[0.80860465]],0.69,[[0.33340834]],0.77,[[0.36040604]],0.9,[[0.2216702]],0.8,[[0.66479332]],0.86,[[0.30943355]],0.41,[[0.81711964]],0.48,[[0.28369722]],0.0,[[0.52956201]],0.17,[[0.14567623]],0.1
60719131.0,[[0.58705342]],0.62,[[0.41615347]],0.65,[[0.22849477]],0.63,[[0.23928372]],0.86,[[0.4806037]],0.0,[[0.65163557]],0.83,[[0.55263238]],0.72,[[0.49684748]],0.79,[[0.82376643]],0.62,[[0.43879172]],0.72,[[0.288832]],0.63,[[0.15769269]],1.0
80283820.0,[[0.48403472]],0.82,[[0.65967636]],0.87,[[0.24309513]],0.83,[[0.45534483]],0.76,[[0.6059073]],0.84,[[0.82412281]],0.69,[[0.55680181]],0.95,[[0.65597875]],0.42,[[0.86979117]],0.85,[[0.62432644]],0.73,[[0.71998606]],0.6,[[0.44817101]],0.8
81660077.0,[[0.41794203]],0.33,[[0.62526016]],0.62,[[0.8540375]],0.64,[[0.62319771]],0.62,[[0.41956646]],0.63,[[0.72533576]],0.67,[[0.5191125]],0.18,[[0.37816785]],0.83,[[0.17875683]],0.17,[[0.41963047]],0.17,[[0.4422856]],0.17,[[0.18632862]],0.18
19679410.0,[[0.55465334]],0.3,[[0.36994997]],0.3,[[0.233542]],0.3,[[0.70866215]],0.63,[[0.38894931]],0.41,[[0.92538415]],0.68,[[0.26529306]],0.41,[[0.3088392]],0.62,[[0.13355749]],0.4,[[0.54461384]],0.41,[[0.82424992]],0.64,[[0.90650711]],0.4
73472181.0,[[0.60509964]],0.59,[[0.48270756]],0.67,[[0.18406215]],0.35,[[0.59100773]],0.71,[[0.35314779]],0.33,[[0.7708216]],0.12,[[0.51971504]],0.76,[[0.4513418]],0.75,[[0.79138124]],0.67,[[0.59192863]],0.05,[[0.50739651]],0.07,[[0.32245149]],0.09
53690553.0,[[0.44342996]],0.48,[[0.6334465]],0.53,[[0.83780311]],0.59,[[0.44395431]],0.54,[[0.47287368]],0.46,[[0.67433019]],0.62,[[0.29315458]],0.48,[[0.42766649]],0.52,[[0.12204823]],0.52,[[0.59860883]],0.45,[[0.3625182]],0.43,[[0.23116935]],0.55
28039362.0,[[0.37388545]],0.6,[[0.50557678]],0.44,[[0.56385901]],0.67,[[0.42750151]],0.61,[[0.60953884]],0.42,[[0.28614055]],0.19,[[0.51344444]],0.44,[[0.68755902]],0.66,[[0.85548318]],0.5,[[0.60082125]],0.5,[[0.20143402]],0.18,[[0.09603547]],0.13
23150788.0,[[0.59656875]],0.81,[[0.54420909]],0.51,[[0.83751791]],0.61,[[0.46755005]],0.74,[[0.60213344]],0.74,[[0.27422196]],0.67,[[0.26475197]],0.51,[[0.46703491]],0.49,[[0.60078388]],0.96,[[0.44109324]],0.64,[[0.43489057]],0.61,[[0.22221708]],0.43
13834440.0,[[0.35073671]],0.25,[[0.43180304]],0.23,[[0.18283556]],0.23,[[0.47620998]],0.83,[[0.67279633]],0.62,[[0.81916407]],0.83,[[0.61104579]],0.15,[[0.64403966]],0.86,[[0.42854563]],0.17,[[0.45180079]],0.86,[[0.53401849]],0.2,[[0.81952066]],0.62
56918218.0,[[0.64105492]],0.14,[[0.44135854]],0.31,[[0.16882606]],0.2,[[0.64354221]],0.04,[[0.47575723]],0.26,[[0.81535809]],0.34,[[0.67095975]],0.77,[[0.44813977]],0.35,[[0.26380839]],0.62,[[0.59486342]],0.67,[[0.37813869]],0.2,[[0.74933125]],0.6
85188816.0,[[0.49650616]],0.33,[[0.53270246]],0.91,[[0.14799393]],0.37,[[0.51882987]],0.35,[[0.52448571]],0.82,[[0.26217344]],0.33,[[0.32538364]],0.62,[[0.36330276]],0.56,[[0.62316889]],0.75,[[0.46590779]],0.72,[[0.23274436]],0.56,[[0.48731102]],0.37
20037842.0,[[0.54679352]],0.24,[[0.52941108]],0.8,[[0.68203941]],0.8,[[0.44613519]],0.0,[[0.52785176]],0.81,[[0.21454747]],0.0,[[0.33703249]],0.6,[[0.55359575]],0.2,[[0.75554121]],0.2,[[0.72622338]],0.14,[[0.62536691]],0.3,[[0.52365613]],0.14
75897044.0,[[0.51461448]],0.08,[[0.58344876]],0.0,[[0.84290099]],0.0,[[0.34192407]],0.11,[[0.55380043]],0.8,[[0.16829073]],0.0,[[0.72130506]],0.25,[[0.6215347]],0.88,[[0.88790028]],0.4,[[0.33499919]],0.7,[[0.23662681]],0.4,[[0.15867708]],0.45
39465173.0,[[0.5979813]],0.35,[[0.37466685]],0.68,[[0.20070558]],0.54,[[0.61636856]],0.61,[[0.40098306]],0.63,[[0.7791533]],0.76,[[0.4723774]],0.39,[[0.44156648]],0.71,[[0.27882858]],0.19,[[0.56333944]],0.69,[[0.38308704]],0.51,[[0.78139507]],0.75
47485144.0,[[0.58639058]],0.34,[[0.52777452]],0.71,[[0.84490358]],0.35,[[0.41216737]],0.51,[[0.46472441]],0.51,[[0.77483608]],0.11,[[0.6450807]],0.79,[[0.36364829]],0.81,[[0.17001207]],0.3,[[0.47946086]],0.51,[[0.40285279]],0.25,[[0.24944322]],0.24
66787545.0,[[0.45292308]],0.11,[[0.53112538]],0.13,[[0.11945559]],0.11,[[0.65792651]],0.54,[[0.32180668]],0.31,[[0.79509506]],0.79,[[0.53967517]],0.65,[[0.53558219]],0.28,[[0.82668916]],0.81,[[0.35313815]],0.29,[[0.52668808]],0.35,[[0.14490113]],0.68
59779293.0,[[0.54783079]],0.92,[[0.51594102]],0.51,[[0.66946621]],0.7,[[0.51985387]],0.08,[[0.47604086]],0.1,[[0.20754886]],0.29,[[0.3251962]],0.65,[[0.67598608]],0.71,[[0.82878733]],0.49,[[0.51213611]],0.29,[[0.49273698]],0.85,[[0.32031276]],0.64
76464369.0,[[0.49320717]],0.15,[[0.55983944]],0.45,[[0.16905351]],0.12,[[0.71488426]],0.34,[[0.28986237]],0.2,[[0.21497056]],0.14,[[0.42509655]],0.13,[[0.34613942]],0.19,[[0.57722688]],0.31,[[0.52049776]],0.33,[[0.45519512]],0.05,[[0.61483379]],0.44
97992062.0,[[0.53614186]],0.76,[[0.40754951]],0.72,[[0.1561038]],0.67,[[0.65598382]],0.22,[[0.36869522]],0.3,[[0.80016207]],0.33,[[0.38405744]],0.76,[[0.42868446]],0.71,[[0.2744138]],0.84,[[0.65530992]],0.33,[[0.29049544]],0.87,[[0.85766611]],0.7
47208706.0,[[0.69332798]],0.52,[[0.45035575]],0.51,[[0.32634977]],0.58,[[0.424813]],0.71,[[0.65665855]],0.3,[[0.77310324]],0.31,[[0.40738558]],0.6,[[0.48334624]],0.63,[[0.77745765]],0.78,[[0.72553087]],0.2,[[0.41093051]],0.51,[[0.22023397]],0.33
23519497.0,[[0.44513993]],0.63,[[0.50262222]],0.61,[[0.80400819]],0.56,[[0.43545938]],0.74,[[0.60293839]],0.15,[[0.70436787]],0.67,[[0.79969266]],0.12,[[0.21816992]],0.75,[[0.15890195]],0.24,[[0.41957754]],0.38,[[0.55800418]],0.46,[[0.26211219]],0.41
57004299.0,[[0.4712037]],0.63,[[0.48140812]],0.51,[[0.57602044]],0.72,[[0.46664263]],0.7,[[0.51627767]],0.83,[[0.22562917]],0.61,[[0.34028886]],0.7,[[0.36603272]],0.7,[[0.54743843]],0.8,[[0.50468232]],0.75,[[0.63347698]],0.6,[[0.34304775]],0.7
23206167.0,[[0.52268017]],0.62,[[0.47913657]],0.62,[[0.61454685]],0.31,[[0.6359335]],0.41,[[0.65620816]],0.6,[[0.33292704]],0.41,[[0.84699312]],0.91,[[0.20310714]],0.66,[[0.14098994]],0.96,[[0.39674574]],0.91,[[0.40170884]],0.75,[[0.53624439]],0.77
35774746.0,[[0.44015688]],0.61,[[0.63094372]],0.79,[[0.28024518]],0.52,[[0.64760243]],0.57,[[0.41300989]],0.72,[[0.87068361]],0.86,[[0.68173399]],0.58,[[0.43914858]],0.37,[[0.32410293]],0.23,[[0.37143419]],0.59,[[0.68330329]],0.6,[[0.74182946]],0.83
16591133.0,[[0.32217505]],0.3,[[0.67338247]],0.75,[[0.79943628]],1.0,[[0.67652709]],0.8,[[0.64263875]],0.8,[[0.42368892]],0.8,[[0.35446115]],1.0,[[0.30759614]],0.75,[[0.53694152]],0.85,[[0.44377112]],0.1,[[0.55257224]],0.9,[[0.28942431]],1.0
81144109.0,[[0.64802897]],0.56,[[0.40991948]],0.39,[[0.21775108]],0.57,[[0.56672439]],0.03,[[0.41867292]],0.48,[[0.23729032]],0.45,[[0.39602358]],0.65,[[0.42424261]],0.45,[[0.5915403]],0.59,[[0.41257745]],0.79,[[0.62792569]],0.7,[[0.84318737]],0.78
83416456.0,[[0.48886405]],0.1,[[0.56755368]],0.27,[[0.16771366]],0.2,[[0.62421673]],0.26,[[0.31718992]],0.21,[[0.18132626]],0.18,[[0.53835839]],0.68,[[0.56450587]],0.08,[[0.76184321]],0.64,[[0.58375717]],0.77,[[0.56853711]],0.76,[[0.83591086]],0.81
21180742.0,[[0.54624933]],0.6,[[0.46968762]],0.3,[[0.17391193]],0.65,[[0.60383201]],0.69,[[0.42307788]],0.63,[[0.80332909]],0.68,[[0.32877761]],0.34,[[0.48300076]],0.43,[[0.17603205]],0.68,[[0.59740455]],0.59,[[0.41231446]],0.62,[[0.77026452]],0.62
58106185.0,[[0.51490694]],0.85,[[0.50818624]],0.84,[[0.78956596]],0.83,[[0.64334016]],0.79,[[0.57310193]],0.2,[[0.38964012]],0.2,[[0.59616609]],0.83,[[0.53507257]],0.83,[[0.29635706]],0.8,[[0.50003276]],0.8,[[0.50552496]],0.69,[[0.60133492]],0.76
30765402.0,[[0.55765075]],0.54,[[0.5264219]],0.55,[[0.87618873]],0.58,[[0.47513948]],0.75,[[0.51105095]],0.27,[[0.79410938]],0.65,[[0.61507226]],0.66,[[0.37007123]],0.73,[[0.12671951]],0.83,[[0.41499486]],0.63,[[0.32561296]],0.36,[[0.14600454]],0.57
92510561.0,[[0.76733938]],0.35,[[0.4295228]],0.41,[[0.86302207]],0.52,[[0.60274644]],0.72,[[0.43544239]],0.51,[[0.30529282]],0.92,[[0.3562887]],0.6,[[0.59633821]],0.94,[[0.69149047]],0.92,[[0.51137598]],1.0,[[0.50477295]],1.0,[[0.24899449]],1.0
62269796.0,[[0.5014694]],0.55,[[0.48947051]],0.51,[[0.59380615]],0.51,[[0.4339926]],0.69,[[0.58801516]],0.58,[[0.22823561]],0.67,[[0.3499953]],0.72,[[0.36627164]],0.73,[[0.0729262]],0.74,[[0.4754842]],0.62,[[0.53401237]],0.61,[[0.67687787]],0.75
72755560.0,[[0.46180436]],0.55,[[0.51142499]],0.4,[[0.09709894]],0.59,[[0.59136603]],0.58,[[0.31612824]],0.43,[[0.15915351]],0.44,[[0.51276901]],0.59,[[0.41424984]],0.62,[[0.66183951]],0.57,[[0.33561771]],0.58,[[0.56179885]],0.57,[[0.75131684]],0.56
71795049.0,[[0.33542581]],0.15,[[0.4760551]],0.25,[[0.73322796]],0.71,[[0.6054744]],0.63,[[0.3879329]],0.91,[[0.79610265]],0.15,[[0.54875128]],0.22,[[0.74920598]],0.91,[[0.48983715]],0.9,[[0.3916438]],0.28,[[0.58050096]],0.36,[[0.21906883]],0.99
49785195.0,[[0.48909001]],0.05,[[0.49994045]],0.87,[[0.13945837]],0.01,[[0.62117319]],0.34,[[0.40745583]],0.82,[[0.80628525]],0.8,[[0.42690304]],0.43,[[0.44490525]],0.58,[[0.68579188]],0.84,[[0.42392367]],0.28,[[0.57565225]],0.64,[[0.29027003]],0.31
28981619.0,[[0.65984333]],0.64,[[0.45317083]],0.21,[[0.31177423]],0.14,[[0.5291755]],0.76,[[0.32579228]],0.15,[[0.66146812]],0.85,[[0.5571951]],0.68,[[0.60931312]],0.37,[[0.78197947]],0.16,[[0.52960828]],0.27,[[0.5313626]],0.78,[[0.38569305]],0.33
64208959.0,[[0.38923327]],0.0,[[0.58802101]],0.1,[[0.70657074]],0.0,[[0.39198892]],0.2,[[0.60806464]],0.8,[[0.27842186]],0.51,[[0.59326764]],0.6,[[0.36485472]],0.3,[[0.19560666]],0.4,[[0.57223289]],0.65,[[0.41020342]],0.73,[[0.75219789]],0.85
98568584.0,[[0.6503703]],0.67,[[0.45695783]],0.83,[[0.19347135]],0.7,[[0.46276256]],0.61,[[0.63287576]],0.72,[[0.77662474]],0.64,[[0.60809842]],0.84,[[0.42023076]],0.72,[[0.24463699]],0.67,[[0.63968968]],0.74,[[0.4349786]],0.52,[[0.81987617]],0.65
71031180.0,[[0.50614572]],0.56,[[0.49546708]],0.18,[[0.62022182]],0.41,[[0.56750333]],0.76,[[0.46968237]],0.66,[[0.20372286]],0.85,[[0.41438084]],0.76,[[0.59435431]],0.7,[[0.78921179]],0.83,[[0.52780082]],0.62,[[0.70481022]],0.85,[[0.36861303]],0.77
18852239.0,[[0.53631482]],0.42,[[0.57360738]],0.78,[[0.81822409]],0.64,[[0.19686294]],0.24,[[0.29347523]],0.67,[[0.07917709]],0.73,[[0.43846415]],0.68,[[0.46381609]],0.77,[[0.15604822]],0.82,[[0.47826113]],0.78,[[0.48796013]],0.37,[[0.68327238]],0.62
82168208.0,[[0.54670478]],0.9,[[0.4952147]],0.91,[[0.17529607]],1.0,[[0.56489806]],1.0,[[0.49477303]],0.79,[[0.78427774]],0.83,[[0.56670398]],0.8,[[0.45076842]],0.81,[[0.27676404]],0.85,[[0.67582216]],0.89,[[0.4765242]],0.88,[[0.81294142]],0.87
70125971.0,[[0.60054913]],0.9,[[0.49687935]],0.38,[[0.66952341]],0.6,[[0.50693596]],0.29,[[0.4380183]],0.7,[[0.16637218]],0.58,[[0.29683034]],0.39,[[0.80223959]],0.72,[[0.24054442]],0.28,[[0.43550564]],0.23,[[0.64180951]],0.7,[[0.83095514]],0.7
77427092.0,[[0.44881578]],0.83,[[0.74084686]],0.64,[[0.30392742]],0.68,[[0.3876762]],0.83,[[0.61251918]],0.74,[[0.81535655]],1.0,[[0.58559558]],0.97,[[0.60917255]],0.91,[[0.41928961]],0.55,[[0.42850194]],1.0,[[0.52017477]],0.36,[[0.75021975]],0.84
42351003.0,[[0.4861725]],0.97,[[0.50829908]],0.34,[[0.15113918]],0.25,[[0.57200135]],0.89,[[0.40696469]],0.89,[[0.78404708]],0.87,[[0.66723833]],0.75,[[0.56800232]],0.78,[[0.85684494]],0.79,[[0.37864184]],0.94,[[0.55108953]],0.85,[[0.14405977]],0.88
28205471.0,[[0.6160498]],0.81,[[0.43598837]],0.76,[[0.23028885]],0.86,[[0.4821713]],0.58,[[0.51776275]],0.56,[[0.20430872]],0.75,[[0.44513503]],0.62,[[0.51793785]],0.17,[[0.73034693]],0.81,[[0.61727772]],0.81,[[0.30457445]],0.94,[[0.83501478]],0.93
88197539.0,[[0.54578276]],0.7,[[0.53066984]],0.82,[[0.17389155]],0.82,[[0.5947598]],0.62,[[0.44553341]],0.51,[[0.75749328]],0.5,[[0.51436057]],0.79,[[0.5107583]],0.43,[[0.81480843]],0.65,[[0.45781576]],0.51,[[0.41345549]],0.24,[[0.25063867]],0.25
91120038.0,[[0.50040407]],0.31,[[0.47563478]],0.26,[[0.17594677]],0.28,[[0.45895931]],0.39,[[0.34825564]],0.42,[[0.13933457]],0.59,[[0.61380823]],0.76,[[0.70094594]],0.27,[[0.90381656]],0.6,[[0.42179014]],0.71,[[0.51558144]],0.57,[[0.87844062]],0.69
27027895.0,[[0.43453951]],0.57,[[0.46893154]],0.35,[[0.60435091]],0.63,[[0.60957654]],0.43,[[0.56730838]],0.67,[[0.29300119]],0.78,[[0.35749202]],0.37,[[0.461538]],0.72,[[0.28457444]],0.61,[[0.52409525]],0.43,[[0.4463495]],0.55,[[0.847178]],0.65
90790338.0,[[0.49783196]],0.57,[[0.54699304]],0.63,[[0.84634775]],0.91,[[0.56899151]],0.54,[[0.36383974]],0.89,[[0.20794436]],0.71,[[0.45696193]],0.54,[[0.56770754]],0.6,[[0.22681515]],0.77,[[0.50755139]],0.55,[[0.50883509]],0.0,[[0.62323835]],0.49
30650825.0,[[0.72015124]],1.0,[[0.36544097]],1.0,[[0.84815]],0.99,[[0.7822265]],0.51,[[0.68961265]],0.51,[[0.52430487]],0.51,[[0.33722179]],0.51,[[0.50241361]],0.51,[[0.68721154]],0.51,[[0.63391247]],0.0,[[0.42115754]],0.0,[[0.29988619]],0.0
47925711.0,[[0.52449754]],0.8,[[0.60212332]],0.6,[[0.83747019]],0.75,[[0.23270404]],0.6,[[0.32224826]],0.65,[[0.10262191]],0.8,[[0.42788827]],0.4,[[0.45234451]],0.3,[[0.17456417]],0.4,[[0.44055341]],0.8,[[0.38879584]],0.3,[[0.61795575]],0.3
93554766.0,[[0.63501558]],0.84,[[0.46224913]],0.95,[[0.82292078]],0.85,[[0.29344256]],0.55,[[0.33939361]],0.14,[[0.09519943]],0.12,[[0.3898306]],0.7,[[0.38689834]],0.9,[[0.16819731]],0.85,[[0.51780659]],0.75,[[0.61214205]],0.44,[[0.78186548]],0.86
48552410.0,[[0.43378806]],0.61,[[0.60798984]],0.65,[[0.79441818]],0.61,[[0.38032642]],0.35,[[0.59203103]],0.93,[[0.19029067]],0.46,[[0.65576534]],0.6,[[0.60461601]],0.87,[[0.86852745]],0.75,[[0.33951129]],0.37,[[0.33028358]],0.36,[[0.14692963]],0.33
99277276.0,[[0.55909132]],0.76,[[0.49685953]],0.81,[[0.81715638]],0.76,[[0.3542076]],0.64,[[0.46965732]],0.56,[[0.7428075]],0.63,[[0.56927247]],0.51,[[0.37357929]],0.7,[[0.08929207]],0.51,[[0.52865072]],0.52,[[0.70894593]],0.42,[[0.4612639]],0.75
57307622.0,[[0.40498526]],0.41,[[0.47605579]],0.41,[[0.75293523]],0.62,[[0.43654438]],0.0,[[0.6326166]],0.26,[[0.25141176]],0.52,[[0.25661206]],0.37,[[0.45017865]],0.38,[[0.60422673]],0.6,[[0.33841608]],0.31,[[0.23363184]],0.55,[[0.12678158]],0.31
38339051.0,[[0.43806341]],0.66,[[0.62770028]],0.07,[[0.31337092]],0.78,[[0.43627625]],0.68,[[0.49589997]],0.61,[[0.33284849]],0.93,[[0.61871314]],1.0,[[0.68696702]],0.6,[[0.87069431]],0.59,[[0.5886837]],1.0,[[0.46571146]],0.25,[[0.86604061]],0.13
84967922.0,[[0.46942869]],0.15,[[0.59707193]],0.4,[[0.18704786]],0.3,[[0.69990848]],0.75,[[0.58156533]],0.75,[[0.93799187]],0.85,[[0.50213052]],0.56,[[0.49126752]],0.65,[[0.72047319]],0.71,[[0.46293494]],0.75,[[0.39647112]],0.79,[[0.10511208]],0.85
49531384.0,[[0.51494746]],0.46,[[0.51903499]],0.41,[[0.14973998]],0.55,[[0.49468116]],0.45,[[0.50471023]],0.62,[[0.25292674]],0.69,[[0.37079102]],0.45,[[0.43639137]],0.43,[[0.67613883]],0.4,[[0.34305181]],0.55,[[0.54413382]],0.68,[[0.72232176]],0.46
16564732.0,[[0.27562257]],0.17,[[0.56627619]],0.17,[[0.62574239]],0.17,[[0.47573439]],0.5,[[0.44452177]],0.25,[[0.22117113]],0.75,[[0.41004108]],0.18,[[0.63368327]],0.18,[[0.83788183]],0.18,[[0.70016487]],0.25,[[0.42392452]],0.25,[[0.29106012]],0.25
40733181.0,[[0.60798324]],0.7,[[0.5324065]],0.55,[[0.69272978]],0.6,[[0.39876785]],0.65,[[0.3832203]],0.6,[[0.60374969]],0.75,[[0.59435615]],0.55,[[0.5003914]],0.7,[[0.3772154]],0.65,[[0.76994571]],0.6,[[0.62331545]],0.75,[[0.52014203]],0.65
77634059.0,[[0.58018445]],0.08,[[0.62079886]],0.08,[[0.34742352]],0.12,[[0.65833506]],0.84,[[0.48768464]],0.76,[[0.39188138]],0.86,[[0.51137926]],0.88,[[0.59522695]],0.84,[[0.94722325]],0.75,[[0.2095659]],0.87,[[0.65048699]],0.76,[[0.70355734]],0.84
95560204.0,[[0.62202928]],0.63,[[0.45418298]],0.31,[[0.17046279]],0.39,[[0.35187638]],0.08,[[0.46849432]],0.36,[[0.68788031]],0.35,[[0.45427975]],0.47,[[0.41187938]],0.13,[[0.6873242]],0.47,[[0.53689923]],0.34,[[0.40239785]],0.6,[[0.13476125]],0.45
54514203.0,[[0.72234456]],0.63,[[0.46119106]],0.3,[[0.75915845]],0.62,[[0.5349277]],0.44,[[0.63765018]],0.55,[[0.2441674]],0.66,[[0.62654007]],0.66,[[0.55299186]],0.66,[[0.82702012]],0.45,[[0.42162309]],0.38,[[0.38434748]],0.4,[[0.30337262]],0.59
49224221.0,[[0.45486418]],0.6,[[0.56466759]],0.0,[[0.72899506]],0.0,[[0.39817101]],0.6,[[0.63667591]],0.3,[[0.24735813]],0.6,[[0.38858215]],0.02,[[0.46420729]],0.5,[[0.16778323]],0.81,[[0.53529525]],0.7,[[0.53822442]],0.61,[[0.72077794]],0.71
88855071.0,[[0.57688903]],0.64,[[0.43950546]],0.75,[[0.687484]],0.75,[[0.33237856]],0.66,[[0.54701619]],0.57,[[0.71566292]],0.59,[[0.49255476]],0.86,[[0.34655054]],0.51,[[0.16525061]],0.51,[[0.64571364]],0.42,[[0.21106019]],0.51,[[0.14862414]],0.61
41155110.0,[[0.76333159]],0.6,[[0.20899947]],0.6,[[0.83634845]],0.7,[[0.50092016]],0.4,[[0.79849306]],0.4,[[0.87259192]],0.7,[[0.55933521]],0.6,[[0.57983913]],0.6,[[0.32918426]],0.3,[[0.57763531]],0.7,[[0.42550561]],0.6,[[0.19439697]],0.5
33841145.0,[[0.43579932]],0.3,[[0.52170881]],0.51,[[0.20885646]],0.3,[[0.5376033]],0.3,[[0.54424074]],0.51,[[0.88783093]],0.51,[[0.63525623]],1.0,[[0.66353366]],0.0,[[0.5609223]],0.0,[[0.40815619]],0.0,[[0.53109102]],0.82,[[0.72341385]],0.28
44231220.0,[[0.43155263]],0.22,[[0.47276906]],0.19,[[0.59814013]],0.51,[[0.66831081]],0.7,[[0.32230758]],0.51,[[0.77750518]],0.62,[[0.46456659]],0.15,[[0.5800383]],0.77,[[0.22151009]],0.0,[[0.46869164]],0.0,[[0.61455967]],0.26,[[0.16586345]],0.13
85500471.0,[[0.46714462]],0.57,[[0.50794581]],0.58,[[0.1460952]],0.54,[[0.49986451]],0.18,[[0.34135862]],0.17,[[0.14385575]],0.19,[[0.59620919]],0.68,[[0.62678097]],0.65,[[0.84581784]],0.57,[[0.46584009]],0.3,[[0.41380986]],0.53,[[0.57567951]],0.33
81947206.0,[[0.52098916]],0.0,[[0.52399659]],0.4,[[0.1778651]],0.0,[[0.5447283]],0.0,[[0.42587857]],0.4,[[0.2090022]],0.0,[[0.52581137]],0.0,[[0.33845088]],0.0,[[0.60770471]],0.0,[[0.25302573]],0.8,[[0.51228105]],0.6,[[0.5467285]],0.6
37288033.0,[[0.48829503]],0.3,[[0.49437912]],0.25,[[0.11114541]],0.33,[[0.38467256]],0.74,[[0.44720729]],0.62,[[0.72879188]],0.28,[[0.4458133]],0.67,[[0.42362283]],0.61,[[0.73141807]],0.85,[[0.46554643]],0.36,[[0.67533475]],0.63,[[0.32622852]],0.7
79735369.0,[[0.42504965]],0.7,[[0.61184952]],0.35,[[0.28358879]],0.45,[[0.67982838]],0.65,[[0.72531394]],0.7,[[0.51171501]],0.85,[[0.42321383]],0.75,[[0.33788311]],0.45,[[0.61107976]],0.85,[[0.5016739]],0.65,[[0.43766715]],0.3,[[0.77292427]],0.95
76091980.0,[[0.62937345]],0.55,[[0.45457643]],0.51,[[0.17552662]],0.51,[[0.45316587]],0.53,[[0.6310447]],0.51,[[0.8106844]],0.6,[[0.33285133]],0.65,[[0.48361764]],0.55,[[0.72141818]],0.59,[[0.5594173]],0.8,[[0.20965563]],0.44,[[0.07324612]],0.76
68704845.0,[[0.48849057]],0.4,[[0.50294532]],0.59,[[0.10632306]],0.37,[[0.59108568]],0.42,[[0.35693051]],0.62,[[0.19013953]],0.54,[[0.36965382]],0.43,[[0.30718953]],0.6,[[0.52852623]],0.56,[[0.50057145]],0.53,[[0.56137877]],0.69,[[0.82041853]],0.64
79758094.0,[[0.50914724]],0.39,[[0.49107436]],0.63,[[0.13985393]],0.52,[[0.52486853]],0.51,[[0.48087815]],0.51,[[0.76536556]],0.82,[[0.40071907]],0.6,[[0.40115588]],0.86,[[0.19335748]],0.74,[[0.54192043]],0.51,[[0.59195666]],0.73,[[0.81439445]],0.79
34716246.0,[[0.43996544]],0.06,[[0.50273092]],0.05,[[0.59881265]],0.11,[[0.62702981]],0.3,[[0.51100511]],0.3,[[0.28181446]],0.1,[[0.4566573]],0.06,[[0.6357185]],0.06,[[0.84920059]],0.12,[[0.56108201]],0.1,[[0.47700622]],0.2,[[0.32599106]],0.05
57508439.0,[[0.39179636]],0.56,[[0.50911574]],0.28,[[0.6866013]],0.3,[[0.62332726]],0.59,[[0.61707817]],0.64,[[0.35812225]],0.55,[[0.41631288]],0.7,[[0.53198572]],0.5,[[0.24170871]],0.6,[[0.54615415]],0.57,[[0.47870712]],0.54,[[0.73583329]],0.69
80755375.0,[[0.61694713]],0.18,[[0.31443704]],0.86,[[0.20429765]],0.22,[[0.66688615]],0.68,[[0.40892877]],0.6,[[0.84566774]],0.63,[[0.40891359]],0.39,[[0.41982864]],0.84,[[0.27574572]],0.26,[[0.54707487]],0.38,[[0.42168559]],0.83,[[0.68291146]],0.66
79411810.0,[[0.50287825]],0.51,[[0.5501833]],0.51,[[0.85323282]],0.51,[[0.367874]],0.51,[[0.45070606]],0.51,[[0.25087778]],0.51,[[0.47244802]],0.08,[[0.59879661]],0.08,[[0.76179465]],0.02,[[0.68866498]],0.08,[[0.55795795]],0.04,[[0.41916483]],0.01
33604199.0,[[0.52196615]],0.85,[[0.60247867]],0.81,[[0.82035136]],0.8,[[0.29831351]],0.19,[[0.42380521]],0.89,[[0.19035701]],0.19,[[0.51539292]],0.13,[[0.47123436]],0.62,[[0.17690893]],0.35,[[0.40134804]],0.81,[[0.33030938]],0.25,[[0.56176282]],0.27
62673514.0,[[0.49935153]],0.51,[[0.52833808]],0.51,[[0.14616452]],0.51,[[0.46167646]],0.51,[[0.34615149]],0.52,[[0.68897284]],0.51,[[0.58690762]],0.51,[[0.66874136]],0.51,[[0.45638236]],0.51,[[0.48933038]],0.51,[[0.56110916]],0.52,[[0.71338186]],0.51
69534323.0,[[0.51615259]],0.23,[[0.5179413]],0.57,[[0.14963879]],0.31,[[0.50882199]],0.26,[[0.53168474]],0.25,[[0.27360338]],0.35,[[0.3367289]],0.4,[[0.42626516]],0.43,[[0.66557186]],0.42,[[0.47182204]],0.73,[[0.24849575]],0.53,[[0.5098504]],0.77
38349428.0,[[0.33437231]],0.91,[[0.65574084]],0.01,[[0.8051724]],0.53,[[0.43127428]],0.51,[[0.51074865]],0.51,[[0.21703722]],0.51,[[0.48662474]],0.33,[[0.51429026]],0.24,[[0.17589154]],0.33,[[0.54602184]],0.64,[[0.46367466]],0.37,[[0.67548553]],0.37
84490872.0,[[0.7385956]],0.01,[[0.42556272]],0.54,[[0.89340077]],0.54,[[0.52880365]],0.5,[[0.48887351]],0.2,[[0.2992888]],0.32,[[0.41168357]],0.0,[[0.45382152]],0.0,[[0.6166685]],0.0,[[0.44206576]],0.1,[[0.49116965]],0.92,[[0.16340247]],0.09
61137539.0,[[0.50486999]],0.1,[[0.55257654]],0.4,[[0.1641496]],0.1,[[0.46019588]],0.2,[[0.68055783]],0.1,[[0.76165859]],0.1,[[0.5773198]],0.2,[[0.6363967]],0.2,[[0.39392123]],0.2,[[0.58126674]],0.5,[[0.31546835]],0.1,[[0.69954946]],0.3
63010582.0,[[0.33253845]],0.35,[[0.5148067]],0.36,[[0.56654017]],0.29,[[0.79033101]],0.36,[[0.30141667]],0.78,[[0.23395846]],0.35,[[0.54723284]],0.32,[[0.52567509]],0.33,[[0.65682177]],0.35,[[0.71627144]],0.29,[[0.43061349]],0.51,[[0.36661004]],0.28
67480202.0,[[0.45052342]],0.51,[[0.44950023]],0.25,[[0.56646142]],0.51,[[0.7812561]],0.25,[[0.45554285]],0.77,[[0.34220578]],0.39,[[0.49061773]],0.38,[[0.51820711]],0.86,[[0.82662181]],0.84,[[0.48084096]],0.34,[[0.32374991]],0.64,[[0.1739425]],0.78
78623371.0,[[0.53948633]],0.51,[[0.62381235]],0.59,[[0.24849135]],0.51,[[0.53999906]],0.51,[[0.28873789]],0.51,[[0.13960128]],0.51,[[0.59472848]],0.51,[[0.39184231]],0.51,[[0.8212531]],0.75,[[0.58760695]],0.71,[[0.37031133]],0.51,[[0.71526897]],0.51
85478043.0,[[0.5463351]],0.67,[[0.4930702]],0.65,[[0.14315994]],0.63,[[0.50704893]],0.85,[[0.25985605]],0.8,[[0.65539015]],0.74,[[0.4547451]],0.65,[[0.68718525]],0.62,[[0.37518809]],0.6,[[0.74847026]],0.71,[[0.33339755]],0.73,[[0.93424601]],0.92
88453792.0,[[0.5521344]],0.27,[[0.42105315]],0.72,[[0.77037475]],0.54,[[0.5939459]],0.06,[[0.54856826]],0.68,[[0.45382763]],0.1,[[0.69678609]],0.25,[[0.73156252]],0.85,[[0.57643641]],0.21,[[0.51031342]],0.13,[[0.65893116]],0.17,[[0.80183807]],0.19
82508912.0,[[0.49763949]],0.86,[[0.48620138]],0.73,[[0.61286117]],0.63,[[0.31226086]],0.79,[[0.38929375]],0.74,[[0.07238444]],0.95,[[0.45987265]],0.6,[[0.43030584]],0.59,[[0.12747318]],0.62,[[0.45099478]],0.68,[[0.38464503]],0.6,[[0.56616629]],0.64
92545703.0,[[0.68244008]],0.0,[[0.46427078]],1.0,[[0.3454511]],0.0,[[0.43567177]],0.51,[[0.53347075]],0.51,[[0.29551202]],0.51,[[0.39317952]],0.38,[[0.53127457]],0.42,[[0.68606871]],0.4,[[0.47230403]],0.66,[[0.53848163]],0.73,[[0.73853642]],0.7
98095784.0,[[0.56949704]],0.51,[[0.4697487]],0.51,[[0.23298144]],0.51,[[0.50331808]],0.51,[[0.48995647]],0.54,[[0.69623909]],0.51,[[0.37635273]],0.75,[[0.69401849]],0.72,[[0.80658367]],0.73,[[0.40328511]],0.57,[[0.52443071]],0.43,[[0.20239583]],0.62
23909034.0,[[0.52553944]],0.21,[[0.51571055]],0.31,[[0.62026476]],0.48,[[0.58949694]],0.56,[[0.38526881]],0.43,[[0.18391844]],0.51,[[0.23331754]],0.13,[[0.6777979]],0.32,[[0.10549022]],0.23,[[0.46540549]],0.21,[[0.4472774]],0.17,[[0.72048426]],0.58
36713135.0,[[0.53543541]],0.32,[[0.53869685]],0.49,[[0.17173692]],0.62,[[0.62437572]],0.44,[[0.33656382]],0.38,[[0.23192085]],0.43,[[0.43443013]],0.75,[[0.33886626]],0.52,[[0.60044537]],0.54,[[0.39437084]],0.69,[[0.51348196]],0.54,[[0.64234991]],0.65
98886326.0,[[0.60489121]],0.62,[[0.45615602]],0.04,[[0.25429917]],0.89,[[0.53133037]],0.66,[[0.52995666]],0.94,[[0.79720459]],0.91,[[0.37342617]],0.95,[[0.49631953]],0.82,[[0.60933488]],1.0,[[0.40574614]],0.69,[[0.47359983]],0.81,[[0.16547117]],0.89
49562740.0,[[0.52495583]],0.2,[[0.49907687]],0.2,[[0.2423323]],0.81,[[0.67048144]],0.8,[[0.36552259]],0.71,[[0.815151]],0.51,[[0.44045157]],0.51,[[0.44735743]],0.63,[[0.22904336]],0.51,[[0.48535665]],0.72,[[0.73027937]],0.51,[[0.92283658]],0.51
37624507.0,[[0.546482]],0.44,[[0.48444008]],0.55,[[0.18610185]],0.44,[[0.45342282]],0.52,[[0.44997272]],0.51,[[0.66394745]],0.5,[[0.34121189]],0.61,[[0.59074696]],0.5,[[0.72191616]],0.56,[[0.26209144]],0.41,[[0.35643434]],0.51,[[0.17672307]],0.5
34169544.0,[[0.5025963]],0.54,[[0.52676689]],0.81,[[0.14703712]],0.52,[[0.5140998]],0.8,[[0.57766584]],0.42,[[0.83030524]],0.72,[[0.53189461]],0.52,[[0.43462441]],0.42,[[0.83414484]],0.52,[[0.43417398]],0.1,[[0.56185665]],0.18,[[0.3007075]],0.1
18856656.0,[[0.58218307]],0.45,[[0.41007879]],0.25,[[0.13018942]],0.17,[[0.6483587]],0.33,[[0.40094373]],0.92,[[0.19082145]],0.62,[[0.54012221]],0.58,[[0.46066063]],0.66,[[0.79558095]],0.64,[[0.32916581]],0.75,[[0.51379879]],0.17,[[0.6684096]],0.66
21639897.0,[[0.55806868]],0.3,[[0.49408276]],0.86,[[0.23263384]],0.4,[[0.64418048]],0.95,[[0.52512422]],0.6,[[0.36149548]],0.8,[[0.40731081]],0.91,[[0.47906729]],0.62,[[0.66861535]],0.65,[[0.61277569]],0.9,[[0.67679813]],0.58,[[0.82695755]],0.8
43887332.0,[[0.42013899]],0.95,[[0.46048116]],0.5,[[0.69257983]],0.97,[[0.6692172]],0.4,[[0.36846561]],0.7,[[0.26355807]],0.01,[[0.49431988]],0.85,[[0.43241547]],0.9,[[0.60479883]],0.9,[[0.34396989]],0.4,[[0.67777462]],0.3,[[0.1753793]],0.01
47985383.0,[[0.40753438]],0.75,[[0.59684506]],0.3,[[0.6962291]],0.73,[[0.58975203]],0.37,[[0.38447116]],0.84,[[0.13071665]],0.3,[[0.41659063]],0.59,[[0.45591873]],0.34,[[0.70039024]],0.71,[[0.60353051]],0.3,[[0.44177914]],0.8,[[0.37998385]],0.29
94257896.0,[[0.64811667]],0.64,[[0.47658997]],0.42,[[0.71768047]],0.67,[[0.44728844]],0.51,[[0.51837645]],0.3,[[0.82433917]],0.61,[[0.55728218]],0.59,[[0.41433206]],0.41,[[0.26592283]],0.84,[[0.47123226]],0.39,[[0.19873152]],0.69,[[0.12034164]],0.34
78752490.0,[[0.24085118]],0.7,[[0.58676881]],0.28,[[0.63719522]],0.53,[[0.52300138]],0.11,[[0.45259752]],0.31,[[0.25610668]],0.19,[[0.47061449]],0.58,[[0.55155094]],0.6,[[0.83811649]],0.7,[[0.46652035]],0.69,[[0.6567451]],0.75,[[0.37477389]],0.7
36076267.0,[[0.50304247]],0.7,[[0.54421999]],0.55,[[0.16436475]],0.65,[[0.56552221]],0.7,[[0.56306725]],0.72,[[0.86249245]],0.85,[[0.52187366]],0.8,[[0.36136614]],0.8,[[0.25544237]],0.85,[[0.64181618]],0.75,[[0.5018427]],0.45,[[0.97898081]],0.6
87061241.0,[[0.48960289]],0.41,[[0.54781627]],0.76,[[0.15594025]],0.29,[[0.52158474]],0.37,[[0.52283867]],0.09,[[0.26479009]],0.76,[[0.56710943]],0.72,[[0.45092493]],0.43,[[0.78047097]],0.56,[[0.57422815]],0.85,[[0.54965312]],0.55,[[0.82801432]],0.93
33133321.0,[[0.52761852]],0.51,[[0.4786565]],0.51,[[0.61779454]],0.51,[[0.6333919]],0.51,[[0.65931999]],0.51,[[0.33277984]],0.51,[[0.63282041]],0.51,[[0.45729584]],0.51,[[0.74882934]],0.51,[[0.46994467]],0.46,[[0.3815292]],0.45,[[0.27547237]],0.54
91294478.0,[[0.49711223]],0.63,[[0.52977672]],0.51,[[0.14582881]],0.8,[[0.32685198]],0.8,[[0.21795248]],0.17,[[0.48586278]],0.51,[[0.59270245]],0.41,[[0.6876138]],0.62,[[0.37696241]],0.56,[[0.6625639]],0.51,[[0.48860409]],0.62,[[0.77348297]],0.51
59900885.0,[[0.4957254]],0.51,[[0.51055352]],0.63,[[0.60523743]],0.51,[[0.69140989]],0.3,[[0.5216209]],0.3,[[0.29468474]],0.51,[[0.69169936]],0.75,[[0.60732342]],0.6,[[0.79827671]],0.61,[[0.57483087]],0.51,[[0.51899637]],0.31,[[0.36959331]],0.31
43182876.0,[[0.59547158]],0.7,[[0.48648082]],0.8,[[0.18614662]],0.71,[[0.50106572]],0.51,[[0.59001713]],0.79,[[0.38227422]],0.78,[[0.59820491]],0.6,[[0.67757324]],0.4,[[0.85916723]],0.5,[[0.44774749]],0.8,[[0.46992703]],0.65,[[0.76132605]],0.8
31253284.0,[[0.66249096]],0.85,[[0.41971095]],0.6,[[0.83228905]],0.8,[[0.27828635]],0.85,[[0.31529635]],0.61,[[0.17032623]],0.6,[[0.46532231]],0.4,[[0.53227422]],0.52,[[0.78195186]],0.45,[[0.72119061]],0.85,[[0.56104798]],0.55,[[0.46007466]],0.9
17752870.0,[[0.60646672]],0.5,[[0.47995994]],0.6,[[0.17734212]],0.51,[[0.42578427]],0.66,[[0.56323973]],0.67,[[0.73085941]],0.69,[[0.38327052]],0.53,[[0.46925076]],0.54,[[0.23767441]],0.64,[[0.4076767]],0.61,[[0.53060064]],0.5,[[0.72568363]],0.5
71119657.0,[[0.44540915]],0.62,[[0.61810961]],0.41,[[0.83114432]],0.61,[[0.31744004]],0.6,[[0.60571551]],0.44,[[0.16934743]],0.42,[[0.71449441]],0.59,[[0.60332165]],0.5,[[0.86902546]],0.43,[[0.37346547]],0.57,[[0.2704224]],0.59,[[0.14369798]],0.55
14234412.0,[[0.50431514]],0.82,[[0.54500314]],0.79,[[0.16627609]],0.76,[[0.44639573]],0.75,[[0.45066694]],0.68,[[0.74780651]],0.75,[[0.29714675]],0.3,[[0.50973344]],0.72,[[0.23398982]],0.72,[[0.67571101]],0.69,[[0.58969989]],0.27,[[0.84927098]],0.21
22147892.0,[[0.50047181]],0.51,[[0.53504172]],0.51,[[0.86081141]],0.51,[[0.41704952]],0.51,[[0.49556276]],0.51,[[0.29931745]],0.51,[[0.49732318]],0.51,[[0.61115483]],0.51,[[0.75319538]],0.51,[[0.64300089]],0.51,[[0.58013982]],0.51,[[0.39583194]],0.48
51753790.0,[[0.46221332]],0.56,[[0.50810373]],0.69,[[0.09061174]],0.24,[[0.59700689]],0.7,[[0.34251714]],0.18,[[0.17099522]],0.83,[[0.38120647]],0.4,[[0.35669257]],0.67,[[0.55308223]],0.63,[[0.48024593]],0.31,[[0.54642194]],0.78,[[0.82412772]],0.97
79256386.0,[[0.52358314]],0.15,[[0.47897723]],0.2,[[0.61514803]],0.4,[[0.29815954]],0.0,[[0.38900833]],0.2,[[0.06007847]],0.15,[[0.42693218]],0.3,[[0.42124848]],0.3,[[0.6488818]],0.45,[[0.59819242]],0.2,[[0.32700634]],0.2,[[0.11278994]],0.6
75105092.0,[[0.60942378]],1.0,[[0.42956036]],0.0,[[0.2838841]],1.0,[[0.40560221]],0.6,[[0.36125105]],0.7,[[0.18061741]],1.0,[[0.40574278]],0.0,[[0.68834867]],0.1,[[0.79771567]],0.8,[[0.69765688]],0.75,[[0.57575814]],0.0,[[0.87479306]],0.91
33870662.0,[[0.46222748]],0.67,[[0.57317922]],0.9,[[0.25138294]],0.7,[[0.6046533]],0.68,[[0.58836765]],0.72,[[0.91599066]],0.64,[[0.41145647]],0.71,[[0.383611]],0.7,[[0.16807016]],0.69,[[0.42930025]],0.76,[[0.74064414]],0.78,[[0.91267309]],0.79
95183688.0,[[0.50127375]],0.29,[[0.53224332]],0.36,[[0.24532338]],0.38,[[0.51935971]],0.85,[[0.49378616]],0.83,[[0.81923796]],0.9,[[0.62994166]],0.71,[[0.48134096]],0.29,[[0.88765987]],0.34,[[0.4727229]],0.33,[[0.55628992]],0.75,[[0.27100632]],0.67
54473545.0,[[0.56634337]],0.68,[[0.48666109]],0.57,[[0.15925306]],0.32,[[0.48011829]],0.51,[[0.2484747]],0.51,[[0.63460105]],0.66,[[0.56538141]],0.51,[[0.51619953]],0.51,[[0.86842538]],0.51,[[0.36399173]],0.51,[[0.52879041]],0.51,[[0.1519228]],0.4
20900690.0,[[0.56396228]],0.25,[[0.4791606]],0.2,[[0.24995534]],0.3,[[0.36747982]],0.24,[[0.63791613]],0.14,[[0.78274816]],0.43,[[0.51573327]],0.31,[[0.32662702]],0.22,[[0.57111111]],0.42,[[0.61220527]],0.41,[[0.58259239]],0.7,[[0.23717636]],0.56
30948180.0,[[0.46306715]],0.51,[[0.50556352]],0.51,[[0.09074912]],0.51,[[0.46516641]],0.73,[[0.50071352]],0.38,[[0.80690067]],0.31,[[0.43400288]],0.37,[[0.61404029]],0.6,[[0.32753371]],0.36,[[0.60666216]],0.77,[[0.70583957]],0.4,[[0.91104884]],0.51
26090325.0,[[0.57165577]],0.54,[[0.44574174]],0.83,[[0.2031985]],0.75,[[0.45692501]],0.64,[[0.49408169]],0.55,[[0.75017887]],0.35,[[0.34319624]],0.64,[[0.34327079]],0.75,[[0.15100209]],0.58,[[0.51440795]],0.64,[[0.49587167]],0.33,[[0.77851229]],0.6
88834905.0,[[0.52923466]],0.5,[[0.48631638]],0.5,[[0.62698199]],0.5,[[0.42163102]],0.1,[[0.32888376]],0.5,[[0.06763363]],0.5,[[0.50217314]],0.6,[[0.61205052]],0.5,[[0.79588911]],0.5,[[0.49773267]],0.25,[[0.40787997]],0.7,[[0.27304996]],0.55
28449629.0,[[0.38728111]],0.67,[[0.53637113]],0.62,[[0.63621612]],0.69,[[0.48902367]],0.37,[[0.38679195]],0.73,[[0.1821066]],0.58,[[0.63864367]],0.32,[[0.68118322]],0.51,[[0.43887869]],0.38,[[0.22891207]],0.66,[[0.60113609]],0.81,[[0.66361258]],0.63
16024420.0,[[0.53284774]],0.88,[[0.51293207]],0.71,[[0.62432592]],0.96,[[0.59862868]],0.84,[[0.36222891]],0.8,[[0.17518298]],0.93,[[0.71748378]],0.92,[[0.63952559]],0.78,[[0.80484535]],0.96,[[0.35676132]],0.92,[[0.57501926]],0.92,[[0.22660248]],1.0
74464111.0,[[0.56357636]],0.29,[[0.48511219]],0.29,[[0.15526728]],0.28,[[0.51063818]],0.58,[[0.55919375]],0.55,[[0.81811302]],0.36,[[0.56833989]],0.19,[[0.64492175]],1.0,[[0.41318738]],0.3,[[0.41893305]],0.01,[[0.61697049]],0.37,[[0.80866945]],0.61
86115189.0,[[0.50485098]],0.63,[[0.50043749]],0.35,[[0.61837469]],0.63,[[0.69755207]],0.56,[[0.5846302]],0.61,[[0.48387984]],0.43,[[0.63956572]],0.68,[[0.6725408]],0.4,[[0.90299663]],0.59,[[0.49621587]],0.7,[[0.18775786]],0.16,[[0.09186471]],0.47
48001917.0,[[0.36800295]],0.9,[[0.45547471]],0.88,[[0.14917534]],0.88,[[0.6375651]],0.73,[[0.52896807]],0.18,[[0.87725248]],0.89,[[0.41634678]],0.81,[[0.72653797]],0.1,[[0.82969467]],0.14,[[0.40538447]],0.94,[[0.63595923]],0.71,[[0.13105441]],0.92
40346499.0,[[0.59140821]],0.35,[[0.48428982]],0.47,[[0.20849097]],0.58,[[0.69512105]],0.41,[[0.55335213]],0.34,[[0.43764182]],0.64,[[0.55341161]],0.7,[[0.56399689]],0.82,[[0.79737082]],0.75,[[0.38383384]],0.6,[[0.620945]],0.26,[[0.71604607]],0.76
71869323.0,[[0.57879172]],0.71,[[0.42815519]],0.55,[[0.84441798]],0.69,[[0.39419811]],0.43,[[0.52542112]],0.65,[[0.25218163]],0.33,[[0.33014988]],0.73,[[0.50962955]],0.73,[[0.08155855]],0.64,[[0.36509714]],0.68,[[0.61686056]],0.49,[[0.74886633]],0.58
86182802.0,[[0.41226321]],0.62,[[0.3457591]],0.6,[[0.15961393]],0.75,[[0.56840337]],0.17,[[0.62137774]],0.19,[[0.37589535]],0.17,[[0.61859057]],0.72,[[0.39476904]],0.16,[[0.77457475]],0.31,[[0.39204087]],0.61,[[0.39891956]],0.62,[[0.7474926]],0.0
54799251.0,[[0.51145751]],0.31,[[0.60792469]],0.51,[[0.8262438]],0.7,[[0.38716892]],0.2,[[0.49135634]],0.12,[[0.14331246]],0.2,[[0.60791319]],0.51,[[0.63497305]],0.9,[[0.39290131]],0.51,[[0.34247459]],0.31,[[0.37417335]],0.04,[[0.4860848]],0.18
37761860.0,[[0.55036653]],0.3,[[0.52663446]],0.6,[[0.17714899]],0.3,[[0.61120279]],0.25,[[0.34282163]],0.25,[[0.2354504]],0.4,[[0.58350053]],0.85,[[0.50656904]],0.6,[[0.76228469]],0.6,[[0.37473744]],0.6,[[0.40962449]],0.8,[[0.57107587]],0.65
75678620.0,[[0.49088005]],0.4,[[0.39551546]],0.37,[[0.71459273]],0.57,[[0.47471375]],0.66,[[0.56667242]],0.53,[[0.77733015]],0.42,[[0.51964462]],0.34,[[0.59818314]],0.56,[[0.3071961]],0.42,[[0.43441293]],0.36,[[0.45298562]],0.4,[[0.21311567]],0.6
32773022.0,[[0.50692006]],0.56,[[0.52749716]],0.82,[[0.86515764]],0.74,[[0.57459868]],0.7,[[0.51362408]],0.51,[[0.75521457]],0.63,[[0.56289353]],0.51,[[0.46930087]],0.38,[[0.23595457]],0.51,[[0.31779374]],0.62,[[0.63045162]],0.78,[[0.19682221]],0.67
39332775.0,[[0.39913969]],0.75,[[0.55418079]],0.93,[[0.73446099]],0.85,[[0.61776647]],0.07,[[0.3783817]],0.12,[[0.2607301]],0.05,[[0.44495588]],0.87,[[0.56628597]],0.19,[[0.81677622]],0.38,[[0.30373129]],0.44,[[0.3708773]],0.25,[[0.16187663]],0.77
76913577.0,[[0.63334855]],0.62,[[0.44727985]],0.81,[[0.17459725]],0.8,[[0.31292204]],0.82,[[0.54383392]],0.8,[[0.67940107]],0.81,[[0.4313759]],0.38,[[0.42628159]],0.79,[[0.23065384]],0.91,[[0.62136245]],0.81,[[0.57672077]],0.59,[[0.83179865]],0.83
69882794.0,[[0.51361735]],0.66,[[0.51968565]],0.61,[[0.87222003]],0.67,[[0.54186803]],0.67,[[0.55736195]],0.74,[[0.75312909]],0.66,[[0.46390913]],0.71,[[0.43353427]],0.63,[[0.13102787]],0.84,[[0.27379819]],0.81,[[0.60723482]],0.71,[[0.15064903]],0.45
64030535.0,[[0.56239621]],0.51,[[0.47834289]],0.36,[[0.64053882]],0.34,[[0.50331317]],0.38,[[0.35298243]],0.51,[[0.78309878]],0.38,[[0.51642584]],0.36,[[0.43830406]],0.4,[[0.27877314]],0.35,[[0.55378098]],0.33,[[0.38491175]],0.34,[[0.28793631]],0.34
44321708.0,[[0.51197365]],0.11,[[0.5083122]],0.51,[[0.84386025]],0.51,[[0.58005571]],0.51,[[0.4016178]],0.1,[[0.65333768]],0.23,[[0.56917204]],0.03,[[0.5472278]],0.98,[[0.276673]],0.17,[[0.58969723]],0.1,[[0.48312387]],0.09,[[0.33955496]],0.41
87872441.0,[[0.42980003]],0.0,[[0.55965289]],0.0,[[0.11051066]],0.0,[[0.65908846]],0.57,[[0.29524231]],0.53,[[0.79965589]],0.53,[[0.61990289]],0.0,[[0.54252193]],0.0,[[0.8836098]],0.0,[[0.3478432]],0.0,[[0.62025336]],0.81,[[0.1579853]],0.0
70575037.0,[[0.45385979]],0.61,[[0.5989726]],0.6,[[0.82199594]],0.61,[[0.46358261]],0.0,[[0.55239304]],0.3,[[0.27413788]],0.0,[[0.40414998]],0.5,[[0.57227084]],0.5,[[0.7801482]],0.5,[[0.52735881]],0.1,[[0.39128629]],0.81,[[0.28151842]],0.1
26950590.0,[[0.61696559]],0.29,[[0.39969756]],0.83,[[0.77675582]],0.66,[[0.57109629]],0.95,[[0.4882623]],0.53,[[0.72827567]],0.93,[[0.45910152]],0.8,[[0.61388765]],0.71,[[0.18562116]],0.94,[[0.65207314]],0.6,[[0.53454889]],0.84,[[0.39567479]],0.7
25908162.0,[[0.56396013]],0.65,[[0.49455981]],0.07,[[0.6433377]],0.54,[[0.50589396]],0.56,[[0.54439936]],0.64,[[0.8372126]],0.77,[[0.4122939]],0.74,[[0.61615767]],0.96,[[0.26639974]],0.89,[[0.50857341]],0.14,[[0.51645205]],0.93,[[0.32998034]],0.58
99533766.0,[[0.49913571]],0.41,[[0.45384702]],0.66,[[0.15014334]],0.41,[[0.59342433]],0.52,[[0.30655817]],0.54,[[0.77977976]],0.5,[[0.30653613]],0.6,[[0.55788807]],0.79,[[0.19624857]],0.84,[[0.40847398]],0.6,[[0.46256929]],0.19,[[0.70594006]],0.6
59190221.0,[[0.42466977]],0.5,[[0.52574116]],0.67,[[0.79128379]],0.91,[[0.48389502]],0.35,[[0.51247579]],0.03,[[0.27261449]],0.35,[[0.45577054]],0.26,[[0.53630991]],0.86,[[0.23183376]],0.0,[[0.66933028]],0.75,[[0.59712147]],0.58,[[0.88809085]],0.12
46359502.0,[[0.49864432]],0.49,[[0.52868074]],0.51,[[0.14598342]],0.5,[[0.46275591]],0.51,[[0.34805129]],0.51,[[0.69066031]],0.51,[[0.34500131]],0.51,[[0.23940137]],0.51,[[0.51855991]],0.51,[[0.51567641]],0.0,[[0.68276656]],0.0,[[0.27107012]],0.0
16591829.0,[[0.63591545]],0.57,[[0.29348016]],0.62,[[0.21097364]],0.6,[[0.47962433]],0.52,[[0.60610858]],0.55,[[0.33225104]],0.58,[[0.72873175]],0.47,[[0.37959786]],0.55,[[0.86339713]],0.57,[[0.7021921]],0.62,[[0.33943811]],0.44,[[0.82435213]],0.61
20075484.0,[[0.58874935]],0.35,[[0.48535127]],0.41,[[0.17744499]],0.35,[[0.49904937]],0.7,[[0.61038325]],0.82,[[0.38293333]],0.71,[[0.57658066]],0.62,[[0.42551766]],0.52,[[0.83751495]],0.69,[[0.56381749]],0.61,[[0.62047319]],0.35,[[0.80675737]],0.53
38347744.0,[[0.56803049]],0.0,[[0.50073157]],0.0,[[0.64023532]],0.71,[[0.53509623]],0.71,[[0.26609352]],0.31,[[0.69761346]],0.29,[[0.65580794]],0.1,[[0.47673122]],0.74,[[0.36509559]],0.11,[[0.41574792]],1.0,[[0.39099389]],0.62,[[0.2471174]],1.0
12135393.0,[[0.50052284]],0.56,[[0.39609442]],0.81,[[0.78855724]],0.69,[[0.53911451]],0.82,[[0.61763464]],0.09,[[0.82522259]],0.45,[[0.51720252]],0.12,[[0.61609001]],0.68,[[0.3331945]],0.44,[[0.53560805]],0.36,[[0.68562768]],0.6,[[0.34611093]],0.32
41915558.0,[[0.46483636]],0.29,[[0.44809287]],0.76,[[0.17207154]],0.75,[[0.65732521]],0.61,[[0.48255851]],0.65,[[0.32969225]],0.77,[[0.62579819]],0.65,[[0.56586742]],0.25,[[0.86053651]],0.6,[[0.44270513]],0.93,[[0.29878485]],0.2,[[0.58789747]],0.28
30645226.0,[[0.45172501]],0.59,[[0.53946088]],0.67,[[0.10106975]],0.92,[[0.60973273]],0.59,[[0.5581098]],0.66,[[0.90447104]],0.69,[[0.52890308]],0.68,[[0.51691797]],0.69,[[0.31695065]],0.77,[[0.43802588]],0.76,[[0.6354089]],0.38,[[0.72855936]],0.36
98325492.0,[[0.57706461]],0.67,[[0.42950582]],0.72,[[0.76266495]],0.62,[[0.34895944]],0.68,[[0.3464713]],0.51,[[0.24302658]],0.9,[[0.63687496]],0.36,[[0.60569178]],0.63,[[0.45208832]],0.58,[[0.39988732]],0.51,[[0.46880031]],0.67,[[0.79173533]],0.37
13917173.0,[[0.67007345]],0.17,[[0.47034757]],0.15,[[0.34939637]],0.16,[[0.62775251]],0.51,[[0.52616528]],0.51,[[0.82028692]],0.5,[[0.38445627]],0.64,[[0.36339042]],0.63,[[0.2188819]],0.57,[[0.54941534]],0.55,[[0.67266183]],0.42,[[0.76683027]],0.45
44393463.0,[[0.52067264]],0.02,[[0.47373231]],0.07,[[0.79738777]],0.61,[[0.44464087]],0.02,[[0.39413119]],0.09,[[0.15150522]],0.0,[[0.50635201]],0.21,[[0.47403419]],0.6,[[0.31309527]],0.33,[[0.69783364]],0.72,[[0.4535047]],0.68,[[0.82725462]],1.0
67148793.0,[[0.47450828]],0.28,[[0.59646357]],0.28,[[0.18593291]],0.36,[[0.66566038]],0.54,[[0.52461978]],0.55,[[0.33749578]],0.53,[[0.62038173]],0.53,[[0.54997142]],0.52,[[0.8410316]],0.53,[[0.48452968]],0.53,[[0.52008453]],0.53,[[0.68973287]],0.53
13206522.0,[[0.76518784]],0.62,[[0.40352298]],0.57,[[0.85990164]],0.69,[[0.58862164]],0.7,[[0.29188844]],0.09,[[0.70786598]],0.14,[[0.33068507]],0.24,[[0.47064295]],0.62,[[0.16474383]],0.12,[[0.51888193]],0.11,[[0.75336484]],0.57,[[0.40706648]],0.3
97285116.0,[[0.60362702]],0.59,[[0.46616805]],0.72,[[0.16675007]],0.6,[[0.49754767]],0.59,[[0.48107761]],0.5,[[0.75974344]],0.72,[[0.44865295]],0.55,[[0.40716812]],0.65,[[0.15127115]],0.94,[[0.65371998]],0.2,[[0.4105534]],0.82,[[0.90467427]],0.19
84057085.0,[[0.27655839]],0.85,[[0.56969414]],0.32,[[0.62083755]],0.65,[[0.6130852]],0.4,[[0.25138697]],0.72,[[0.19643717]],0.51,[[0.53160744]],0.69,[[0.58606007]],0.63,[[0.67828297]],0.75,[[0.61830286]],0.45,[[0.58781887]],0.8,[[0.34594044]],0.57
73853960.0,[[0.38869116]],0.7,[[0.52264957]],0.81,[[0.7364503]],0.85,[[0.31687764]],0.85,[[0.53536926]],0.4,[[0.71357712]],0.69,[[0.5097347]],0.54,[[0.55225531]],0.76,[[0.15324942]],0.55,[[0.59270123]],0.68,[[0.49696978]],0.61,[[0.34562437]],0.73
32228367.0,[[0.52560362]],0.47,[[0.47897118]],0.64,[[0.61630888]],0.59,[[0.62902148]],0.6,[[0.66205589]],0.92,[[0.3321072]],0.87,[[0.62868831]],0.4,[[0.45816835]],0.89,[[0.74749883]],0.45,[[0.47323858]],0.64,[[0.38214162]],0.53,[[0.27578592]],0.81
86027287.0,[[0.59992437]],0.41,[[0.52434197]],0.6,[[0.84391217]],0.31,[[0.2807712]],0.38,[[0.25356881]],0.51,[[0.11815808]],0.39,[[0.36979708]],0.17,[[0.50577382]],0.41,[[0.24850193]],0.09,[[0.54307261]],0.41,[[0.37079083]],0.4,[[0.7704728]],0.21
57314335.0,[[0.52876904]],0.52,[[0.49454638]],0.61,[[0.2097949]],0.62,[[0.547608]],0.54,[[0.47465834]],0.54,[[0.72264369]],0.52,[[0.58396001]],0.65,[[0.44569313]],0.57,[[0.19157913]],0.68,[[0.62880976]],0.6,[[0.36147564]],0.66,[[0.74288846]],0.56
84044844.0,[[0.44980758]],0.64,[[0.73917457]],0.84,[[0.29417529]],0.82,[[0.25548957]],0.6,[[0.65553432]],0.9,[[0.21014334]],0.9,[[0.55489801]],0.41,[[0.71910709]],0.9,[[0.80881982]],0.8,[[0.56272366]],0.31,[[0.36027164]],0.09,[[0.62092248]],0.11
21365807.0,[[0.410241]],0.07,[[0.69117638]],0.35,[[0.25871159]],0.21,[[0.59433133]],0.27,[[0.67179056]],0.82,[[0.45393049]],0.6,[[0.33669145]],0.61,[[0.59808262]],0.78,[[0.79632095]],0.84,[[0.54745961]],0.74,[[0.36221296]],0.15,[[0.75202872]],0.37
35642417.0,[[0.50284484]],0.52,[[0.38880053]],0.6,[[0.70402352]],0.64,[[0.42193356]],0.62,[[0.36360044]],0.71,[[0.30531485]],0.54,[[0.65999964]],0.37,[[0.63390474]],0.69,[[0.52676229]],0.51,[[0.48234569]],0.76,[[0.48939991]],0.75,[[0.84747084]],0.75
38050870.0,[[0.46305658]],0.0,[[0.50557201]],0.0,[[0.09074739]],0.0,[[0.59246219]],0.5,[[0.34526206]],0.75,[[0.16704601]],0.5,[[0.39714578]],0.65,[[0.2783724]],0.15,[[0.52222789]],0.5,[[0.5]],0.65,[[0.5]],0.0,[[0.79590048]],0.75
44999736.0,[[0.55290041]],0.39,[[0.40859094]],0.65,[[0.1533107]],0.35,[[0.44866623]],0.48,[[0.37373864]],0.66,[[0.18945573]],0.69,[[0.63719323]],0.63,[[0.53459457]],0.35,[[0.7803315]],0.61,[[0.40509539]],0.7,[[0.53612155]],0.69,[[0.79429504]],0.4
29754426.0,[[0.49396648]],0.6,[[0.57362943]],0.81,[[0.84237761]],0.16,[[0.3563037]],0.81,[[0.32332631]],0.26,[[0.16504713]],0.23,[[0.31222391]],0.71,[[0.38257471]],0.24,[[0.1843732]],0.75,[[0.56955682]],0.94,[[0.74694818]],0.65,[[0.88635717]],0.77
12690494.0,[[0.634838]],0.18,[[0.410988]],0.33,[[0.20867909]],0.22,[[0.49794866]],0.51,[[0.5976867]],0.44,[[0.80374875]],0.36,[[0.49508365]],0.82,[[0.33802247]],0.51,[[0.63587039]],0.51,[[0.45492811]],0.39,[[0.56321663]],0.44,[[0.27262041]],0.62
48972864.0,[[0.45637082]],0.62,[[0.51008207]],0.64,[[0.83642137]],0.62,[[0.53917262]],0.51,[[0.31201807]],0.51,[[0.71095958]],0.51,[[0.1970999]],0.51,[[0.71616544]],0.6,[[0.08617444]],0.6,[[0.49026197]],0.51,[[0.55939489]],0.51,[[0.39579512]],0.51
13399107.0,[[0.44087097]],0.2,[[0.51287039]],0.23,[[0.77183934]],0.26,[[0.5562343]],0.73,[[0.63722515]],0.57,[[0.89881911]],0.73,[[0.30948328]],0.24,[[0.37461412]],0.17,[[0.15640387]],0.18,[[0.59429859]],0.07,[[0.5244467]],0.07,[[0.34311246]],0.14
81888326.0,[[0.4519237]],0.2,[[0.6149893]],0.85,[[0.22093863]],0.3,[[0.71595175]],0.45,[[0.55341319]],0.8,[[0.40102711]],0.53,[[0.52416408]],0.65,[[0.71617563]],0.15,[[0.86942231]],0.42,[[0.5351408]],0.55,[[0.52197432]],0.6,[[0.72863989]],0.75
35126363.0,[[0.48404564]],0.76,[[0.51817684]],0.61,[[0.61472971]],0.67,[[0.49020903]],0.68,[[0.5788388]],0.56,[[0.70718517]],0.57,[[0.71100065]],0.65,[[0.74776195]],0.53,[[0.57805932]],0.66,[[0.40162693]],0.16,[[0.49887522]],0.55,[[0.24413228]],0.57
25463912.0,[[0.63523689]],0.87,[[0.27972848]],1.0,[[0.21352077]],0.84,[[0.29053042]],0.78,[[0.5279346]],0.61,[[0.73915337]],1.0,[[0.2725583]],0.8,[[0.28384401]],0.69,[[0.21196696]],0.69,[[0.2680903]],0.94,[[0.20205263]],0.71,[[0.38506429]],1.0
66763888.0,[[0.47195989]],0.36,[[0.50080594]],0.81,[[0.1080806]],0.57,[[0.56327888]],0.43,[[0.33848015]],0.3,[[0.15669695]],0.41,[[0.46614976]],0.56,[[0.51844482]],0.56,[[0.69171644]],0.56,[[0.51241207]],0.59,[[0.43932921]],0.82,[[0.77974523]],0.6
21896308.0,[[0.47739595]],0.75,[[0.48183763]],0.25,[[0.08423974]],0.51,[[0.38691837]],0.85,[[0.5037266]],0.51,[[0.76672283]],0.52,[[0.49599816]],0.73,[[0.67962143]],0.51,[[0.41668436]],0.51,[[0.40311103]],0.22,[[0.26485941]],0.95,[[0.57093675]],0.81
55880841.0,[[0.51566967]],0.26,[[0.47685564]],0.85,[[0.85049261]],0.5,[[0.52186321]],0.65,[[0.64938382]],0.7,[[0.38505377]],0.4,[[0.48697054]],0.35,[[0.28006702]],0.3,[[0.58448207]],0.32,[[0.7657552]],0.6,[[0.35200981]],0.35,[[0.280449]],0.45
75570314.0,[[0.41906169]],0.05,[[0.60281113]],0.75,[[0.25903462]],0.49,[[0.4571692]],0.57,[[0.3708547]],0.61,[[0.22131116]],0.63,[[0.56199871]],0.79,[[0.57219039]],0.72,[[0.92113504]],0.57,[[0.7650703]],0.55,[[0.53335828]],0.44,[[0.88594711]],0.55
57429134.0,[[0.46659476]],0.7,[[0.55476243]],0.1,[[0.76823682]],0.71,[[0.35266853]],0.02,[[0.46637395]],0.51,[[0.09236845]],0.36,[[0.58853884]],0.0,[[0.55312925]],0.0,[[0.39383714]],1.0,[[0.42191932]],0.0,[[0.43350336]],0.0,[[0.56329312]],0.0
33555599.0,[[0.48254705]],0.78,[[0.51414024]],0.89,[[0.61603378]],0.89,[[0.63194929]],0.43,[[0.536788]],0.66,[[0.47188192]],0.46,[[0.40600837]],0.66,[[0.53263527]],0.6,[[0.69933368]],0.59,[[0.60132353]],0.71,[[0.45898522]],0.66,[[0.33649643]],0.62
74365807.0,[[0.54607222]],0.33,[[0.5989589]],0.17,[[0.90328823]],0.45,[[0.36687669]],0.39,[[0.33495676]],0.24,[[0.53356096]],0.81,[[0.46012383]],0.73,[[0.57355338]],0.11,[[0.20501157]],0.19,[[0.45292478]],0.95,[[0.46942315]],0.08,[[0.26744036]],0.83
16243875.0,[[0.47969222]],0.6,[[0.48569096]],0.0,[[0.62135384]],0.6,[[0.59165637]],0.0,[[0.38088748]],0.05,[[0.25109173]],0.05,[[0.52562425]],0.05,[[0.32673653]],0.5,[[0.13769165]],0.5,[[0.54819253]],0.6,[[0.58916992]],0.05,[[0.78491759]],0.6
21566630.0,[[0.36115959]],0.08,[[0.60757133]],0.85,[[0.14028801]],0.64,[[0.50923322]],0.48,[[0.53262613]],0.59,[[0.7430562]],0.73,[[0.57558106]],0.78,[[0.5572177]],0.71,[[0.76833835]],0.7,[[0.39307626]],0.73,[[0.52279878]],0.66,[[0.25909621]],0.72
15686827.0,[[0.51648619]],0.36,[[0.47522178]],0.66,[[0.19196937]],0.28,[[0.45143616]],0.44,[[0.34806871]],0.28,[[0.1435888]],0.4,[[0.59099708]],0.34,[[0.69735461]],0.61,[[0.89824271]],0.62,[[0.3772987]],0.39,[[0.51255091]],0.61,[[0.83618039]],0.62
94407861.0,[[0.38651473]],0.3,[[0.58150424]],0.6,[[0.82470365]],0.4,[[0.50831606]],0.3,[[0.42679965]],0.8,[[0.28984587]],0.6,[[0.50249695]],0.6,[[0.39975042]],0.5,[[0.29358573]],0.5,[[0.55007938]],0.71,[[0.28753657]],0.6,[[0.65858496]],0.65
27446455.0,[[0.6602467]],0.85,[[0.38935794]],0.35,[[0.2077378]],0.5,[[0.32801973]],0.85,[[0.4167496]],0.2,[[0.61126213]],0.8,[[0.34971948]],0.75,[[0.59234133]],0.81,[[0.76015134]],0.83,[[0.49768238]],0.71,[[0.43519087]],0.76,[[0.17271444]],0.83
83543226.0,[[0.52430647]],0.0,[[0.52572662]],0.61,[[0.16269739]],0.0,[[0.48817484]],0.53,[[0.47752308]],0.51,[[0.72427009]],0.47,[[0.3886215]],0.69,[[0.43393509]],0.68,[[0.63639756]],0.45,[[0.41021149]],0.55,[[0.46094555]],0.62,[[0.10260538]],0.56
47086784.0,[[0.52997181]],0.83,[[0.49689162]],0.57,[[0.65857615]],0.74,[[0.48320361]],0.7,[[0.41215845]],0.7,[[0.75998711]],0.85,[[0.82973806]],0.9,[[0.43712334]],0.6,[[0.37267398]],0.6,[[0.4703666]],0.82,[[0.57125654]],0.59,[[0.29711023]],0.8
88425676.0,[[0.50841024]],0.78,[[0.48307995]],0.51,[[0.17194785]],0.79,[[0.48239263]],0.61,[[0.49431928]],0.29,[[0.73917649]],0.51,[[0.64373505]],0.51,[[0.57980637]],0.74,[[0.45019762]],0.51,[[0.66888539]],0.6,[[0.43499546]],0.61,[[0.79710737]],0.6
42634445.0,[[0.59072667]],0.41,[[0.4844587]],0.54,[[0.20936832]],0.39,[[0.57868344]],0.68,[[0.55852403]],0.66,[[0.38291635]],0.78,[[0.38676004]],0.51,[[0.14836541]],0.51,[[0.49642163]],0.51,[[0.47886964]],0.72,[[0.58423794]],0.72,[[0.76914769]],0.67
35701966.0,[[0.50478087]],0.35,[[0.53939471]],0.35,[[0.16107572]],0.55,[[0.40375972]],0.35,[[0.3894027]],0.35,[[0.69277176]],0.3,[[0.58337743]],0.65,[[0.58122937]],0.65,[[0.39928673]],0.6,[[0.3430625]],0.15,[[0.43544714]],0.25,[[0.59282914]],0.15
41718989.0,[[0.61106633]],0.79,[[0.45344832]],0.6,[[0.16083114]],0.75,[[0.47589857]],0.75,[[0.26416069]],0.51,[[0.620504]],0.74,[[0.52875351]],0.77,[[0.55936692]],0.81,[[0.29022463]],0.8,[[0.7383533]],0.51,[[0.55157305]],0.69,[[0.89148358]],0.68
88083674.0,[[0.50114692]],0.51,[[0.61280594]],0.51,[[0.81445042]],0.51,[[0.29982138]],0.51,[[0.54815544]],0.51,[[0.11072414]],0.51,[[0.69574162]],0.51,[[0.61136684]],0.52,[[0.44303381]],0.48,[[0.27957137]],0.51,[[0.33491087]],0.51,[[0.43764428]],0.51
14648527.0,[[0.57315557]],0.48,[[0.48662829]],0.59,[[0.16492626]],0.63,[[0.54798247]],0.6,[[0.66875058]],0.45,[[0.41374524]],0.55,[[0.52302345]],0.44,[[0.50455524]],0.52,[[0.74093073]],0.56,[[0.35091635]],0.7,[[0.42196737]],0.55,[[0.64656063]],0.75
42134751.0,[[0.63023092]],0.59,[[0.31449015]],0.33,[[0.21541303]],0.42,[[0.30850432]],0.33,[[0.58501581]],0.66,[[0.75439332]],0.38,[[0.23626917]],0.58,[[0.25428139]],0.36,[[0.12150362]],0.38,[[0.43394782]],0.41,[[0.23169949]],0.31,[[0.50544415]],0.35
93574369.0,[[0.52836713]],0.61,[[0.48287933]],0.45,[[0.6173935]],0.57,[[0.58801813]],0.57,[[0.67423107]],0.56,[[0.30383118]],0.54,[[0.77311597]],0.44,[[0.26075454]],0.48,[[0.15392336]],0.65,[[0.42584952]],0.41,[[0.38966049]],0.58,[[0.5566759]],0.63
90248431.0,[[0.264698]],0.9,[[0.64944431]],0.2,[[0.73988344]],0.5,[[0.37442149]],0.7,[[0.50861177]],0.7,[[0.21035376]],0.75,[[0.37824259]],0.3,[[0.55076978]],0.7,[[0.17740363]],0.5,[[0.63248785]],0.7,[[0.41947776]],0.7,[[0.74139855]],0.7
25627892.0,[[0.3430263]],0.91,[[0.64277804]],0.51,[[0.77835926]],0.51,[[0.57083168]],0.01,[[0.4973813]],0.0,[[0.28057116]],0.0,[[0.38494716]],0.69,[[0.37946476]],0.69,[[0.13747374]],0.72,[[0.46968349]],0.62,[[0.51382835]],0.51,[[0.7652076]],0.51
32738552.0,[[0.53199221]],0.39,[[0.52072683]],0.4,[[0.61777668]],0.4,[[0.54031306]],0.3,[[0.67116541]],0.3,[[0.28850164]],0.2,[[0.38131197]],0.61,[[0.72229649]],0.6,[[0.20947926]],0.6,[[0.59668772]],0.22,[[0.74180306]],0.62,[[0.88803407]],0.7
28464829.0,[[0.57009074]],0.53,[[0.53314335]],0.53,[[0.81056904]],0.5,[[0.22670571]],0.51,[[0.28488846]],0.5,[[0.1063156]],0.5,[[0.48258937]],0.75,[[0.50393777]],0.21,[[0.23120644]],0.8,[[0.45962123]],0.49,[[0.48673439]],0.09,[[0.70690162]],0.1
70450765.0,[[0.52977994]],0.24,[[0.47820489]],0.62,[[0.13764561]],0.13,[[0.54977823]],0.26,[[0.35433189]],0.46,[[0.20202796]],0.19,[[0.29158276]],0.69,[[0.44989078]],0.15,[[0.55456564]],0.44,[[0.45895412]],0.58,[[0.63132563]],0.28,[[0.80443303]],0.63
85413122.0,[[0.60826516]],0.12,[[0.47309752]],0.72,[[0.18066361]],0.14,[[0.50615064]],0.24,[[0.3525686]],0.13,[[0.75882835]],0.06,[[0.32423523]],0.73,[[0.60226002]],0.71,[[0.23078068]],0.52,[[0.57268555]],0.32,[[0.29322651]],0.21,[[0.64744869]],0.3
30625029.0,[[0.47315051]],0.76,[[0.41712926]],0.64,[[0.70298114]],0.7,[[0.4163887]],0.85,[[0.36935316]],0.21,[[0.29823694]],0.71,[[0.6476155]],0.53,[[0.60687123]],0.7,[[0.4961865]],0.56,[[0.50873598]],0.45,[[0.41138976]],0.23,[[0.81645799]],0.34
78142727.0,[[0.4523541]],0.5,[[0.54399587]],0.25,[[0.78875497]],0.75,[[0.4288012]],0.0,[[0.55520872]],0.15,[[0.17497989]],0.0,[[0.51362997]],0.2,[[0.34387169]],0.6,[[0.13354256]],0.5,[[0.637606]],0.1,[[0.43916772]],0.1,[[0.78253691]],0.5
26277130.0,[[0.46265764]],0.41,[[0.50784163]],0.4,[[0.10083044]],0.66,[[0.47300205]],0.54,[[0.58454407]],0.7,[[0.82497568]],0.82,[[0.3902943]],0.64,[[0.53165697]],0.64,[[0.20668158]],0.81,[[0.58047755]],0.72,[[0.48479322]],0.34,[[0.75115821]],0.52
57472271.0,[[0.41755577]],0.57,[[0.48430231]],0.51,[[0.72094455]],0.56,[[0.41902435]],0.42,[[0.55788125]],0.51,[[0.68698404]],0.64,[[0.30178842]],0.53,[[0.64307755]],0.58,[[0.05588543]],0.55,[[0.46479436]],0.53,[[0.48535861]],0.54,[[0.28780892]],0.69
11260803.0,[[0.42500762]],0.24,[[0.37252688]],1.0,[[0.19518977]],0.28,[[0.32585616]],0.0,[[0.45219851]],0.66,[[0.18782125]],0.27,[[0.62673755]],0.0,[[0.43189303]],0.0,[[0.80617022]],0.66,[[0.43220734]],0.0,[[0.52527725]],0.73,[[0.68264903]],0.0
59178262.0,[[0.60829843]],0.38,[[0.4636698]],0.44,[[0.16971661]],0.46,[[0.61728782]],0.45,[[0.6357152]],0.44,[[0.90931658]],0.72,[[0.61727104]],0.61,[[0.2794401]],0.58,[[0.80689678]],0.62,[[0.48099549]],0.42,[[0.39594033]],0.42,[[0.15013126]],0.54
16053527.0,[[0.26325833]],0.42,[[0.66436309]],0.74,[[0.76549599]],0.36,[[0.44420639]],0.51,[[0.51070581]],0.51,[[0.27749452]],0.51,[[0.38020076]],0.57,[[0.32482695]],0.51,[[0.21578875]],0.61,[[0.55025032]],0.58,[[0.62157525]],0.43,[[0.79716136]],0.43
62289180.0,[[0.49624969]],0.07,[[0.55869996]],0.82,[[0.1685209]],0.08,[[0.53140697]],0.86,[[0.48393286]],0.79,[[0.24322431]],0.82,[[0.35041564]],0.76,[[0.37759658]],0.93,[[0.657294]],0.72,[[0.53428188]],0.4,[[0.77158696]],0.19,[[0.80995306]],0.32
60853534.0,[[0.50172044]],0.52,[[0.50358474]],0.44,[[0.16997]],0.55,[[0.53971141]],0.52,[[0.38116042]],0.6,[[0.20087705]],0.47,[[0.52579487]],0.8,[[0.69385937]],0.55,[[0.83704109]],0.74,[[0.63229786]],0.61,[[0.42841774]],0.59,[[0.860002]],0.58
84163871.0,[[0.4762958]],0.81,[[0.60299031]],0.0,[[0.24710699]],0.0,[[0.53880332]],0.0,[[0.65999577]],0.0,[[0.73483806]],0.18,[[0.29637936]],0.6,[[0.39369615]],0.4,[[0.17024488]],0.39,[[0.49822641]],0.1,[[0.55823478]],0.9,[[0.79046297]],1.0
85232929.0,[[0.5323097]],0.55,[[0.5328328]],0.5,[[0.71483709]],0.5,[[0.45787606]],0.15,[[0.55664607]],0.1,[[0.72576416]],0.15,[[0.49016656]],0.5,[[0.65394019]],0.5,[[0.44567279]],0.6,[[0.43706506]],0.2,[[0.47615302]],0.4,[[0.08801101]],0.57
52856099.0,[[0.60224261]],0.24,[[0.46582893]],0.81,[[0.16708193]],0.39,[[0.44027942]],0.3,[[0.52938811]],0.75,[[0.30408748]],0.15,[[0.30706752]],0.81,[[0.36779933]],0.41,[[0.57779806]],0.65,[[0.40119965]],0.61,[[0.52163713]],0.65,[[0.71720458]],0.8
37618980.0,[[0.5451016]],0.66,[[0.47980057]],0.43,[[0.62720302]],0.55,[[0.41524192]],0.64,[[0.48694661]],0.65,[[0.79374454]],0.6,[[0.82597364]],0.57,[[0.36805457]],0.88,[[0.27137808]],0.6,[[0.5093226]],0.9,[[0.41305008]],0.9,[[0.24376577]],0.95
41915685.0,[[0.28610728]],0.58,[[0.58252326]],0.43,[[0.72675735]],0.44,[[0.48822695]],0.33,[[0.38811528]],0.39,[[0.17887828]],0.64,[[0.60473424]],0.63,[[0.37403169]],0.68,[[0.28464125]],0.66,[[0.64504369]],0.66,[[0.62447079]],0.67,[[0.80362026]],0.62
21720361.0,[[0.50543612]],0.51,[[0.51626291]],0.51,[[0.6309834]],0.51,[[0.56995445]],0.51,[[0.34767757]],0.51,[[0.17999299]],0.51,[[0.34401388]],0.51,[[0.57059011]],0.51,[[0.12123659]],0.51,[[0.25078177]],0.51,[[0.5164227]],0.51,[[0.62980817]],0.51
35159341.0,[[0.54224014]],0.19,[[0.47206387]],0.19,[[0.19239644]],0.19,[[0.50040198]],0.34,[[0.50302667]],0.35,[[0.19527344]],0.35,[[0.43010584]],0.2,[[0.5237188]],0.2,[[0.77438138]],0.2,[[0.5184119]],0.4,[[0.55487458]],0.4,[[0.89886496]],0.4
55774515.0,[[0.51402574]],0.84,[[0.48134755]],0.82,[[0.6116925]],0.85,[[0.45642091]],0.65,[[0.41175533]],0.66,[[0.78198058]],0.66,[[0.82629148]],0.66,[[0.32407842]],0.66,[[0.24182624]],0.67,[[0.51695422]],0.72,[[0.41508384]],0.71,[[0.27448926]],0.7
91352376.0,[[0.41807829]],0.04,[[0.41196855]],0.97,[[0.20637494]],0.02,[[0.53184772]],0.83,[[0.63683214]],0.06,[[0.81666617]],0.96,[[0.59073072]],0.95,[[0.70296544]],0.05,[[0.47277879]],0.32,[[0.61756398]],0.94,[[0.35112237]],0.97,[[0.86095889]],0.94
51965249.0,[[0.53878126]],0.43,[[0.48811624]],0.51,[[0.63547036]],0.43,[[0.4303144]],0.27,[[0.68730179]],0.87,[[0.25210976]],0.44,[[0.69839167]],0.59,[[0.40629159]],0.86,[[0.23150645]],0.56,[[0.50299652]],0.23,[[0.47173725]],0.81,[[0.66059611]],0.21
92257607.0,[[0.55026721]],0.56,[[0.40696887]],0.57,[[0.17292502]],0.6,[[0.45769383]],0.54,[[0.47767514]],0.51,[[0.69714934]],0.55,[[0.5543056]],0.57,[[0.3313947]],0.66,[[0.21192886]],0.51,[[0.44069476]],0.54,[[0.52380605]],0.51,[[0.81218234]],0.52
24911188.0,[[0.35131903]],0.66,[[0.57680214]],0.05,[[0.72630796]],0.19,[[0.59694678]],0.69,[[0.57037015]],0.72,[[0.79738612]],0.73,[[0.44752408]],0.81,[[0.36434122]],0.51,[[0.16955396]],0.27,[[0.52145895]],0.77,[[0.47315174]],0.1,[[0.28790073]],0.21
28917083.0,[[0.53968289]],0.18,[[0.59791457]],0.34,[[0.37116588]],0.09,[[0.58013917]],0.37,[[0.69158634]],0.84,[[0.47502583]],0.18,[[0.49832908]],0.54,[[0.49835269]],0.44,[[0.72423326]],0.55,[[0.62694929]],0.47,[[0.36105513]],0.51,[[0.8137431]],0.51
91985246.0,[[0.63050562]],0.56,[[0.44297051]],0.67,[[0.16561595]],0.59,[[0.45702334]],0.6,[[0.60134634]],0.74,[[0.80280327]],0.51,[[0.2959795]],0.25,[[0.49131417]],0.35,[[0.6860704]],0.39,[[0.59768053]],0.76,[[0.27444841]],0.72,[[0.09079438]],0.76
29087079.0,[[0.46308597]],0.51,[[0.50553329]],0.69,[[0.09072916]],0.7,[[0.55432468]],0.57,[[0.38423643]],0.83,[[0.76425839]],0.74,[[0.33958138]],0.51,[[0.61345745]],0.54,[[0.23873557]],0.51,[[0.44691231]],0.51,[[0.59335708]],0.51,[[0.83798073]],0.51
55319912.0,[[0.39024193]],0.76,[[0.49138751]],0.74,[[0.13659199]],0.85,[[0.50038356]],0.79,[[0.32213522]],0.82,[[0.65453228]],0.74,[[0.25718106]],0.91,[[0.50304315]],0.08,[[0.61965199]],0.01,[[0.43904774]],0.86,[[0.60826611]],0.84,[[0.12339674]],0.9
17608042.0,[[0.53977476]],0.19,[[0.49130641]],0.17,[[0.63221785]],0.18,[[0.39097328]],0.92,[[0.33630688]],0.71,[[0.50458834]],0.92,[[0.5939394]],0.84,[[0.50872839]],0.87,[[0.33616148]],0.92,[[0.79461601]],0.79,[[0.46106739]],0.91,[[0.35265245]],0.51
51703155.0,[[0.64367309]],0.3,[[0.45983656]],0.4,[[0.18867805]],0.4,[[0.46654415]],0.1,[[0.51370689]],0.6,[[0.2783244]],0.1,[[0.43648445]],0.8,[[0.38475627]],0.0,[[0.75358614]],0.4,[[0.51061913]],0.4,[[0.38779288]],0.3,[[0.67241294]],0.5
28222838.0,[[0.49488492]],0.84,[[0.52973985]],0.82,[[0.80135665]],0.88,[[0.41722671]],0.78,[[0.55237877]],0.85,[[0.24926409]],0.86,[[0.65878072]],0.19,[[0.5212146]],0.24,[[0.88739426]],0.21,[[0.49360514]],0.72,[[0.34566905]],1.0,[[0.19611466]],0.79
36865400.0,[[0.62385694]],0.72,[[0.45495144]],0.25,[[0.17676126]],0.65,[[0.70082717]],0.29,[[0.42271637]],0.86,[[0.81250744]],0.15,[[0.54936139]],0.89,[[0.3105429]],0.75,[[0.75275159]],0.26,[[0.723024]],0.36,[[0.73224995]],0.12,[[0.5219018]],0.61
56266110.0,[[0.45507857]],0.51,[[0.48136719]],0.51,[[0.08456756]],0.51,[[0.62622015]],0.8,[[0.29097038]],0.51,[[0.76928913]],0.51,[[0.42896651]],0.05,[[0.56354972]],0.75,[[0.2699362]],0.1,[[0.42450364]],0.8,[[0.53016776]],0.51,[[0.81639823]],0.51
95481408.0,[[0.46607361]],0.75,[[0.55966359]],0.7,[[0.78396971]],0.6,[[0.41973171]],0.55,[[0.57090656]],0.4,[[0.75621743]],0.55,[[0.58055437]],0.65,[[0.50284471]],0.7,[[0.3470021]],0.8,[[0.52111049]],0.65,[[0.43892629]],0.6,[[0.14334239]],0.8
69004676.0,[[0.5667397]],0.4,[[0.48825629]],0.6,[[0.16422556]],0.4,[[0.74787588]],0.45,[[0.48903051]],0.55,[[0.41387997]],0.55,[[0.50346388]],0.4,[[0.44288637]],0.6,[[0.67064688]],0.6,[[0.61220793]],0.5,[[0.41743942]],0.45,[[0.78558676]],0.55
83170694.0,[[0.45540062]],0.86,[[0.54198675]],0.87,[[0.1412357]],0.9,[[0.51629769]],0.36,[[0.35842727]],0.42,[[0.16675617]],0.4,[[0.40678391]],0.56,[[0.32949981]],0.61,[[0.6113876]],0.87,[[0.53139476]],0.82,[[0.32906847]],0.66,[[0.68583662]],0.75
69062024.0,[[0.6509403]],0.55,[[0.43147538]],0.79,[[0.16933098]],0.83,[[0.44147345]],0.28,[[0.50375836]],0.52,[[0.30753994]],0.31,[[0.40226054]],0.76,[[0.46885172]],0.46,[[0.6545446]],0.48,[[0.48794365]],0.62,[[0.47853076]],0.59,[[0.75062385]],0.79
77206922.0,[[0.58226]],0.57,[[0.47626066]],0.57,[[0.64931343]],0.56,[[0.526479]],0.7,[[0.69748593]],0.34,[[0.28171977]],0.72,[[0.69899746]],0.92,[[0.29976008]],0.63,[[0.14166328]],0.62,[[0.43058687]],0.41,[[0.38466267]],0.87,[[0.58379573]],0.67
73553815.0,[[0.5143783]],0.68,[[0.51603293]],0.67,[[0.60752413]],0.67,[[0.48182572]],0.84,[[0.69740706]],0.35,[[0.28141633]],0.36,[[0.40082561]],0.35,[[0.70396482]],0.65,[[0.25047582]],0.35,[[0.57573332]],0.72,[[0.71411277]],0.31,[[0.8697317]],0.59
31587724.0,[[0.61078608]],0.5,[[0.46075629]],0.5,[[0.82744793]],0.5,[[0.45927415]],0.5,[[0.51173892]],0.5,[[0.73099072]],0.5,[[0.50813047]],0.78,[[0.48648697]],1.0,[[0.11085026]],0.74,[[0.51265825]],0.5,[[0.62159657]],0.5,[[0.33833022]],0.0
57027982.0,[[0.46317373]],0.51,[[0.50555624]],0.51,[[0.09079807]],0.52,[[0.37476021]],0.51,[[0.49572166]],0.52,[[0.75891177]],0.51,[[0.5241373]],0.51,[[0.78853783]],0.51,[[0.46824497]],0.51,[[0.60028925]],0.51,[[0.78319973]],0.52,[[0.92392246]],0.51
17237392.0,[[0.55040084]],0.6,[[0.48591809]],0.9,[[0.86372]],0.6,[[0.55853932]],0.6,[[0.57839226]],0.0,[[0.89453361]],0.2,[[0.27642737]],0.0,[[0.32995994]],0.8,[[0.15246866]],0.0,[[0.51247695]],0.3,[[0.26831858]],0.8,[[0.17915094]],0.6
53853586.0,[[0.60196604]],0.76,[[0.59938768]],0.09,[[0.33421119]],0.07,[[0.29842787]],0.23,[[0.4062601]],0.37,[[0.60188568]],0.26,[[0.45132441]],0.21,[[0.45190203]],0.84,[[0.20629585]],0.26,[[0.60164261]],0.12,[[0.54856254]],0.12,[[0.80138942]],0.23
85923222.0,[[0.47246267]],0.93,[[0.51890721]],0.96,[[0.20701766]],0.91,[[0.69278363]],0.95,[[0.38257672]],0.55,[[0.834439]],0.96,[[0.51746073]],0.97,[[0.72822978]],0.29,[[0.93817701]],0.3,[[0.69681396]],0.21,[[0.28649339]],0.86,[[0.22179728]],0.84
71509402.0,[[0.55784757]],0.7,[[0.49221522]],0.63,[[0.15612388]],0.6,[[0.42770887]],0.6,[[0.36348368]],0.49,[[0.6717764]],0.56,[[0.53418129]],0.61,[[0.53502966]],0.28,[[0.75568862]],0.24,[[0.5639175]],0.77,[[0.37535357]],0.33,[[0.26116678]],0.63
16405921.0,[[0.50187716]],0.66,[[0.61305141]],0.77,[[0.8149746]],0.75,[[0.30188277]],0.16,[[0.54626468]],0.79,[[0.11135421]],0.35,[[0.63097638]],0.69,[[0.61227377]],0.36,[[0.90912462]],0.37,[[0.62244896]],0.04,[[0.65064241]],0.74,[[0.3063631]],0.24
61556162.0,[[0.52179195]],0.63,[[0.53585861]],0.62,[[0.81658457]],0.77,[[0.35581188]],0.82,[[0.62336428]],0.69,[[0.8089913]],0.86,[[0.38807309]],0.92,[[0.43957031]],0.94,[[0.21315889]],0.93,[[0.30303391]],0.09,[[0.66539998]],0.88,[[0.12248515]],0.64
71058887.0,[[0.58202687]],0.6,[[0.49762426]],0.2,[[0.66041664]],0.2,[[0.566502]],0.3,[[0.40749789]],0.55,[[0.33462492]],0.3,[[0.62368786]],0.85,[[0.49575644]],0.85,[[0.77869957]],0.75,[[0.54868252]],0.3,[[0.38682118]],0.8,[[0.23000183]],0.6
72304205.0,[[0.36967143]],0.51,[[0.54934447]],0.51,[[0.80731966]],0.51,[[0.45741172]],0.51,[[0.3955394]],0.29,[[0.15398219]],0.51,[[0.5024093]],0.51,[[0.49208502]],0.28,[[0.72230937]],0.27,[[0.54220971]],0.1,[[0.49248442]],0.5,[[0.18470568]],0.51
76021200.0,[[0.52440807]],0.15,[[0.51092774]],0.85,[[0.19771913]],0.09,[[0.41050832]],0.14,[[0.52698066]],0.54,[[0.75116736]],0.61,[[0.50081266]],0.26,[[0.33137386]],0.19,[[0.59687077]],0.42,[[0.61795362]],0.12,[[0.40708971]],0.13,[[0.15160333]],0.05
67700187.0,[[0.5073783]],0.31,[[0.58678535]],0.61,[[0.83241048]],0.36,[[0.4862565]],0.67,[[0.53293608]],0.43,[[0.82280836]],0.56,[[0.43425917]],0.33,[[0.54238178]],0.51,[[0.30954315]],0.51,[[0.42165954]],0.61,[[0.69146254]],0.61,[[0.27512848]],0.51
26166759.0,[[0.47926982]],0.51,[[0.57475947]],0.6,[[0.80845916]],0.49,[[0.42057526]],0.52,[[0.53639769]],0.51,[[0.16815506]],0.51,[[0.59601855]],0.62,[[0.6556124]],0.62,[[0.35031184]],0.62,[[0.36862925]],0.61,[[0.31504301]],0.55,[[0.45332186]],0.55
56769447.0,[[0.6219181]],0.24,[[0.48095112]],0.2,[[0.67944751]],0.34,[[0.60630438]],0.35,[[0.625954]],0.4,[[0.27826383]],0.12,[[0.63004442]],0.16,[[0.52608876]],0.2,[[0.79313602]],0.08,[[0.46773285]],0.36,[[0.42767844]],0.39,[[0.33153804]],0.28
67470829.0,[[0.58193022]],0.64,[[0.55702823]],0.74,[[0.8476033]],0.81,[[0.56834135]],0.65,[[0.35538724]],0.45,[[0.21488274]],0.7,[[0.50023279]],0.82,[[0.57789156]],0.82,[[0.34438455]],0.9,[[0.31560346]],0.45,[[0.37528405]],0.41,[[0.51755041]],0.35
92968430.0,[[0.43966584]],0.82,[[0.49877768]],0.0,[[0.59764244]],0.33,[[0.40795807]],0.5,[[0.72757675]],0.54,[[0.35816383]],0.64,[[0.54745673]],0.8,[[0.62303801]],0.55,[[0.88317105]],0.88,[[0.48447053]],0.87,[[0.51741811]],0.62,[[0.37005643]],0.83
72830449.0,[[0.62286751]],0.23,[[0.45981368]],0.61,[[0.17010434]],0.57,[[0.58067912]],0.58,[[0.43381863]],0.3,[[0.80248187]],0.57,[[0.29273655]],0.61,[[0.46590706]],0.57,[[0.15730323]],0.83,[[0.51458344]],0.57,[[0.64609559]],0.46,[[0.78166297]],0.58
24294903.0,[[0.34147298]],0.49,[[0.47715591]],0.52,[[0.58734544]],0.55,[[0.63515118]],0.45,[[0.61931742]],0.49,[[0.83153352]],0.56,[[0.62794882]],0.49,[[0.54873687]],0.47,[[0.31507979]],0.5,[[0.66422337]],0.45,[[0.60533918]],0.55,[[0.49416694]],0.6
94467583.0,[[0.53407894]],0.75,[[0.53435511]],0.62,[[0.16652593]],0.79,[[0.46635627]],0.37,[[0.70387745]],0.69,[[0.34730723]],0.71,[[0.63810075]],0.83,[[0.49514862]],0.05,[[0.76012162]],0.06,[[0.21606973]],0.64,[[0.38909916]],0.64,[[0.51218306]],0.79
51500545.0,[[0.61844268]],0.44,[[0.51513045]],0.33,[[0.83630917]],0.39,[[0.34841282]],0.35,[[0.5482394]],0.61,[[0.1396362]],0.25,[[0.6475624]],0.37,[[0.63879739]],0.76,[[0.46161207]],0.39,[[0.30593923]],0.72,[[0.31688429]],0.63,[[0.4372349]],0.6
35749462.0,[[0.62432017]],0.55,[[0.50267949]],0.4,[[0.30556684]],0.55,[[0.4228654]],0.7,[[0.62324499]],0.4,[[0.30213919]],0.55,[[0.64808411]],0.05,[[0.47287841]],0.12,[[0.83035396]],0.2,[[0.47770128]],0.2,[[0.31683832]],0.1,[[0.59335962]],0.2
68617739.0,[[0.49878711]],0.71,[[0.60148255]],0.75,[[0.81983734]],0.75,[[0.31846247]],0.77,[[0.64482639]],0.09,[[0.80556241]],0.09,[[0.42675996]],0.58,[[0.49831584]],0.7,[[0.29055212]],0.31,[[0.32623541]],0.39,[[0.67955472]],0.8,[[0.18717354]],0.39
43056653.0,[[0.24365465]],0.51,[[0.58205389]],0.18,[[0.66560368]],0.32,[[0.59645197]],0.14,[[0.43832323]],0.09,[[0.25205045]],0.21,[[0.52162355]],0.21,[[0.3096875]],0.35,[[0.1928812]],0.37,[[0.52037273]],0.31,[[0.50271134]],0.51,[[0.76205187]],0.51
16248336.0,[[0.59121266]],0.3,[[0.49247835]],0.58,[[0.17826889]],0.28,[[0.553492]],0.52,[[0.53822162]],0.68,[[0.7676132]],0.55,[[0.49586617]],0.51,[[0.44001075]],0.53,[[0.7324115]],0.51,[[0.47549579]],0.83,[[0.46113643]],0.4,[[0.15795245]],0.4
70075922.0,[[0.51156354]],0.36,[[0.51228844]],0.93,[[0.75304753]],0.58,[[0.36948838]],0.51,[[0.63919493]],0.07,[[0.24127594]],0.34,[[0.50134422]],0.59,[[0.56676456]],0.23,[[0.84672098]],0.78,[[0.46777873]],0.57,[[0.437074]],0.74,[[0.22981669]],0.61
77049366.0,[[0.54614455]],0.38,[[0.44726499]],0.48,[[0.69872867]],0.41,[[0.47708301]],0.47,[[0.33165626]],0.38,[[0.09546523]],0.39,[[0.59441152]],0.66,[[0.29610047]],0.51,[[0.19079408]],0.51,[[0.47513763]],0.56,[[0.39005616]],0.56,[[0.65313823]],0.73
27645475.0,[[0.65847113]],0.7,[[0.39806721]],0.0,[[0.18612461]],0.0,[[0.28074317]],1.0,[[0.35609438]],0.0,[[0.56919964]],0.6,[[0.47680647]],1.0,[[0.46292174]],0.7,[[0.76736025]],1.0,[[0.6759203]],0.0,[[0.57258455]],0.0,[[0.38573275]],0.1
71527979.0,[[0.29099669]],0.82,[[0.56178568]],0.39,[[0.67756616]],0.66,[[0.59477334]],0.89,[[0.4909105]],0.34,[[0.29006114]],0.75,[[0.50213497]],0.79,[[0.34954555]],0.61,[[0.60273804]],0.83,[[0.61102195]],0.4,[[0.43177266]],0.81,[[0.27754537]],0.73
13104693.0,[[0.50610465]],0.62,[[0.52978357]],0.38,[[0.15168055]],0.4,[[0.45682109]],0.41,[[0.38308768]],0.42,[[0.70329121]],0.43,[[0.4715347]],0.66,[[0.43711833]],0.68,[[0.68831414]],0.67,[[0.54679293]],0.65,[[0.685492]],0.6,[[0.36026366]],0.62
37635638.0,[[0.36824533]],0.57,[[0.52562454]],0.21,[[0.57254284]],0.42,[[0.60940853]],0.51,[[0.54348669]],0.51,[[0.74857917]],0.51,[[0.81915602]],0.51,[[0.82396357]],0.84,[[0.70140863]],0.51,[[0.64273053]],0.29,[[0.4220694]],0.51,[[0.32575318]],0.12
86021696.0,[[0.49242035]],0.58,[[0.55219006]],0.65,[[0.16662769]],0.65,[[0.46955767]],0.35,[[0.53805741]],0.5,[[0.69151009]],0.5,[[0.59398227]],0.45,[[0.48681215]],0.63,[[0.3472474]],0.42,[[0.43530563]],0.55,[[0.45209597]],0.5,[[0.67166987]],0.53
34870851.0,[[0.44429799]],0.79,[[0.5427752]],1.0,[[0.11568833]],0.7,[[0.53651064]],0.18,[[0.33376022]],0.8,[[0.15536692]],0.74,[[0.61838705]],0.74,[[0.64069736]],0.86,[[0.86397614]],0.89,[[0.54215843]],0.69,[[0.57408862]],0.63,[[0.73722322]],0.82
54861410.0,[[0.54346735]],0.56,[[0.52612784]],0.4,[[0.68301614]],0.79,[[0.50912288]],0.73,[[0.65625342]],0.63,[[0.81245095]],0.57,[[0.42087157]],0.56,[[0.55525837]],1.0,[[0.13153733]],0.27,[[0.49509646]],0.68,[[0.79367739]],0.29,[[0.43733002]],0.57
65824342.0,[[0.39492404]],0.95,[[0.50769118]],0.76,[[0.58068827]],0.95,[[0.71470971]],0.92,[[0.51508211]],0.83,[[0.30392311]],0.88,[[0.45983778]],0.91,[[0.61004876]],0.93,[[0.71128718]],0.92,[[0.56104873]],1.0,[[0.46087666]],0.77,[[0.27099193]],0.93
80287322.0,[[0.63292292]],0.29,[[0.28179766]],0.56,[[0.21247955]],0.4,[[0.54944335]],0.56,[[0.53436269]],0.88,[[0.34195828]],0.75,[[0.72925528]],0.51,[[0.38069481]],0.81,[[0.88086536]],0.81,[[0.5316422]],0.76,[[0.53301177]],0.42,[[0.8802312]],0.64
50124386.0,[[0.49790955]],0.13,[[0.54514079]],0.37,[[0.15867179]],0.02,[[0.51362689]],0.99,[[0.50670317]],0.97,[[0.24643546]],0.97,[[0.48388956]],0.1,[[0.65887513]],0.35,[[0.84479364]],0.46,[[0.52861886]],0.76,[[0.49353353]],0.28,[[0.65625804]],0.38
28368484.0,[[0.45763946]],0.5,[[0.62738031]],0.5,[[0.22572875]],0.7,[[0.64670206]],0.6,[[0.49397951]],0.3,[[0.74894998]],0.5,[[0.1963008]],0.39,[[0.63290687]],0.39,[[0.11211889]],0.39,[[0.48924644]],0.5,[[0.62261519]],0.6,[[0.8617822]],0.6
15834726.0,[[0.45428693]],0.7,[[0.43309319]],0.69,[[0.57874208]],0.69,[[0.57723667]],0.61,[[0.46834946]],0.72,[[0.30746023]],0.59,[[0.57107674]],0.52,[[0.74099666]],0.93,[[0.86424705]],0.92,[[0.54924142]],0.76,[[0.47001374]],0.73,[[0.37001904]],0.77
86193768.0,[[0.40545646]],0.04,[[0.74280827]],0.77,[[0.28644464]],0.42,[[0.52747531]],0.85,[[0.29522638]],0.86,[[0.72388215]],0.66,[[0.42158272]],0.13,[[0.57799076]],0.87,[[0.30737712]],0.71,[[0.53823863]],0.89,[[0.73003705]],0.0,[[0.87539412]],0.42
39437933.0,[[0.4460188]],0.16,[[0.57241372]],0.66,[[0.11721331]],0.15,[[0.64725181]],0.58,[[0.39602647]],0.41,[[0.87286335]],0.73,[[0.41574709]],0.84,[[0.39728685]],0.72,[[0.19999753]],0.61,[[0.50166097]],0.84,[[0.44132207]],0.57,[[0.74362341]],0.9
16707185.0,[[0.53655803]],0.74,[[0.46065487]],0.3,[[0.14002559]],0.72,[[0.54914776]],0.85,[[0.39339525]],0.52,[[0.71739869]],0.75,[[0.44696713]],0.75,[[0.55980231]],0.71,[[0.776411]],0.85,[[0.37291013]],0.4,[[0.49885826]],0.65,[[0.11866214]],0.35
98483826.0,[[0.51192855]],0.39,[[0.67930111]],0.86,[[0.29579517]],0.72,[[0.58666935]],0.22,[[0.39648029]],0.8,[[0.27316173]],0.29,[[0.54510825]],0.32,[[0.41548412]],0.76,[[0.81082942]],0.58,[[0.25441874]],0.67,[[0.59991857]],0.63,[[0.7975071]],0.66
81886837.0,[[0.47020552]],0.0,[[0.57169079]],0.04,[[0.77702544]],0.05,[[0.55980801]],0.94,[[0.53375741]],0.96,[[0.70750809]],0.92,[[0.38987889]],0.86,[[0.35087865]],0.97,[[0.15953427]],0.98,[[0.23080001]],0.98,[[0.69137835]],0.42,[[0.13722411]],0.98
69269118.0,[[0.46053235]],0.51,[[0.49508605]],0.51,[[0.08459179]],0.51,[[0.55892958]],0.4,[[0.37611128]],0.44,[[0.76421385]],0.41,[[0.74466645]],0.36,[[0.65669562]],0.42,[[0.93242563]],0.4,[[0.29781824]],0.72,[[0.7170682]],0.64,[[0.24068608]],0.74
40451720.0,[[0.42749951]],0.7,[[0.51468795]],0.2,[[0.58638398]],0.2,[[0.75443979]],0.3,[[0.44088932]],0.3,[[0.29242563]],0.3,[[0.54461196]],1.0,[[0.42729156]],0.35,[[0.06265811]],0.51,[[0.47132472]],1.0,[[0.594055]],0.75,[[0.64617289]],1.0
65163543.0,[[0.59835537]],0.2,[[0.4438325]],0.9,[[0.14803514]],0.5,[[0.16959396]],0.65,[[0.25610519]],0.05,[[0.39070105]],0.3,[[0.39705435]],0.6,[[0.71693058]],0.51,[[0.23775566]],0.55,[[0.66132623]],0.2,[[0.63031952]],0.4,[[0.87686403]],0.9
83377804.0,[[0.50812299]],0.3,[[0.51953873]],0.8,[[0.13172942]],0.45,[[0.4736301]],0.75,[[0.42382045]],0.8,[[0.8012775]],0.8,[[0.48173607]],0.85,[[0.44490894]],0.35,[[0.71877984]],0.45,[[0.26649352]],0.9,[[0.55367475]],0.8,[[0.14857993]],0.95
29909954.0,[[0.4865776]],0.41,[[0.48747106]],0.57,[[0.09826163]],0.61,[[0.43444823]],0.44,[[0.51376188]],0.49,[[0.78273443]],0.5,[[0.32961871]],0.36,[[0.50401198]],0.57,[[0.25370533]],0.54,[[0.43503564]],0.58,[[0.66055114]],0.58,[[0.80418144]],0.76
43249261.0,[[0.50085545]],0.38,[[0.66249867]],0.32,[[0.37845271]],0.37,[[0.54161511]],0.28,[[0.27257752]],0.38,[[0.63552302]],0.36,[[0.55449977]],0.3,[[0.5189888]],0.3,[[0.27974345]],0.34,[[0.41283179]],0.65,[[0.63978309]],0.42,[[0.81642746]],0.66
91293328.0,[[0.52486037]],0.35,[[0.47872652]],0.61,[[0.15391495]],0.36,[[0.55615212]],0.69,[[0.36883241]],0.37,[[0.75166485]],0.36,[[0.56436142]],0.38,[[0.5784818]],0.67,[[0.30234878]],0.62,[[0.74859661]],0.62,[[0.60736774]],0.63,[[0.91591113]],0.61
30348965.0,[[0.56474827]],0.3,[[0.53174616]],0.3,[[0.70008432]],0.3,[[0.46745887]],0.6,[[0.49125419]],0.4,[[0.18807731]],0.5,[[0.83902132]],0.4,[[0.82424497]],0.4,[[0.7701621]],0.4,[[0.66296344]],0.4,[[0.40037817]],0.4,[[0.76905414]],0.4
57915052.0,[[0.59542636]],0.6,[[0.50820677]],0.51,[[0.67663239]],0.7,[[0.38987189]],0.62,[[0.36154496]],0.66,[[0.53652932]],0.66,[[0.52498975]],0.69,[[0.4638709]],0.39,[[0.25151898]],0.62,[[0.79750337]],0.72,[[0.53841703]],0.74,[[0.40662074]],0.73
53661298.0,[[0.57156288]],0.82,[[0.51870815]],0.16,[[0.84543076]],0.15,[[0.62659092]],1.0,[[0.4664706]],0.09,[[0.28535086]],0.83,[[0.33019601]],0.37,[[0.39219584]],0.87,[[0.10122791]],0.5,[[0.70167943]],0.93,[[0.54850465]],0.94,[[0.8131916]],0.93
17180338.0,[[0.45040569]],0.5,[[0.50699706]],0.15,[[0.11870284]],0.21,[[0.52673644]],0.15,[[0.35421325]],0.57,[[0.14939205]],0.4,[[0.44789463]],0.3,[[0.67244712]],0.13,[[0.79906829]],0.64,[[0.47547843]],0.61,[[0.51946283]],0.14,[[0.62579544]],0.29
54091671.0,[[0.55269118]],0.5,[[0.67551759]],0.55,[[0.30943341]],0.5,[[0.49149117]],0.6,[[0.4909681]],0.5,[[0.78241062]],0.55,[[0.36045174]],0.5,[[0.34635052]],0.5,[[0.19056636]],0.5,[[0.43272276]],0.5,[[0.47291541]],0.5,[[0.68999694]],0.55
27674293.0,[[0.56404932]],0.51,[[0.38052079]],0.51,[[0.26318352]],0.51,[[0.79198161]],0.58,[[0.34538074]],0.57,[[0.94495184]],0.56,[[0.2293398]],0.52,[[0.2945293]],0.52,[[0.10427719]],0.5,[[0.53840547]],0.57,[[0.85499183]],0.57,[[0.90747932]],0.57
99495607.0,[[0.46305703]],0.5,[[0.50557189]],0.5,[[0.09074808]],0.5,[[0.59246131]],0.5,[[0.34526069]],0.5,[[0.16704524]],0.5,[[0.47168642]],0.5,[[0.43893762]],0.4,[[0.63978164]],0.4,[[0.45889918]],0.5,[[0.53221827]],0.5,[[0.82793427]],0.5
40081083.0,[[0.44824248]],0.65,[[0.51034944]],0.95,[[0.22054819]],0.85,[[0.58271832]],0.6,[[0.51464629]],0.6,[[0.7419989]],0.7,[[0.57147618]],0.65,[[0.57849217]],0.7,[[0.85187928]],0.75,[[0.43873804]],0.7,[[0.45055511]],0.25,[[0.25111699]],0.7
78831293.0,[[0.50603134]],0.6,[[0.52009372]],0.3,[[0.16404261]],0.31,[[0.56900854]],0.29,[[0.6385839]],0.29,[[0.82728371]],0.75,[[0.4920518]],0.9,[[0.5379779]],0.29,[[0.89471666]],0.9,[[0.37501892]],0.0,[[0.2639995]],0.0,[[0.12931007]],1.0
85475010.0,[[0.56846069]],0.25,[[0.51732669]],0.3,[[0.22302347]],0.35,[[0.44642028]],0.3,[[0.38417828]],0.9,[[0.19213205]],0.5,[[0.74852571]],0.65,[[0.45101374]],0.1,[[0.88265275]],0.5,[[0.545419]],0.9,[[0.5044589]],0.55,[[0.70371151]],0.85
24209097.0,[[0.59512948]],0.4,[[0.53265973]],0.51,[[0.84561848]],0.39,[[0.60115125]],0.21,[[0.43031084]],0.41,[[0.2809545]],0.1,[[0.6029376]],0.51,[[0.73521025]],0.3,[[0.88291019]],0.14,[[0.45833213]],0.2,[[0.48720039]],0.5,[[0.27008265]],0.3
20463306.0,[[0.48384166]],0.45,[[0.57925274]],0.64,[[0.16647621]],0.65,[[0.44813291]],0.76,[[0.38982743]],0.86,[[0.58661758]],0.88,[[0.27464892]],0.5,[[0.52926935]],0.5,[[0.70476924]],0.53,[[0.50337101]],0.84,[[0.45536908]],0.88,[[0.36246243]],0.85
52043475.0,[[0.53621766]],0.51,[[0.52009367]],0.51,[[0.68071851]],0.75,[[0.51589328]],0.5,[[0.48751591]],0.51,[[0.7271945]],0.78,[[0.56575981]],0.51,[[0.52018109]],0.51,[[0.24047318]],0.23,[[0.40049011]],0.51,[[0.62330778]],0.51,[[0.18174947]],0.26
29834964.0,[[0.27522029]],0.83,[[0.65042519]],0.15,[[0.77466394]],0.44,[[0.55251047]],0.8,[[0.65650759]],0.42,[[0.3383185]],0.9,[[0.66427742]],0.43,[[0.40737456]],0.45,[[0.30112072]],0.78,[[0.68692006]],0.1,[[0.72586969]],0.78,[[0.80964241]],0.47
62230230.0,[[0.49655703]],0.79,[[0.47814332]],0.64,[[0.58139256]],0.76,[[0.67181732]],0.66,[[0.58708111]],0.82,[[0.36239997]],0.61,[[0.36216522]],0.51,[[0.45558651]],0.51,[[0.16105293]],0.62,[[0.32597871]],0.74,[[0.57063321]],0.68,[[0.75135839]],0.78
36406295.0,[[0.48559581]],0.86,[[0.42534549]],0.9,[[0.75600499]],0.9,[[0.4971151]],0.9,[[0.35289365]],0.1,[[0.71530351]],0.5,[[0.42603267]],0.8,[[0.50409364]],0.85,[[0.15586135]],0.8,[[0.39880709]],0.5,[[0.4248453]],0.5,[[0.27746411]],0.5
44990177.0,[[0.42243577]],0.25,[[0.50255222]],0.57,[[0.19159777]],0.66,[[0.29594455]],0.46,[[0.70211831]],0.6,[[0.10062192]],0.52,[[0.46561112]],0.83,[[0.53431524]],0.58,[[0.7748792]],0.69,[[0.63266502]],0.64,[[0.4730533]],0.63,[[0.80105264]],0.6
80934627.0,[[0.50786882]],0.81,[[0.54580336]],0.47,[[0.16346014]],0.9,[[0.47744887]],0.81,[[0.27704486]],0.41,[[0.12491803]],0.73,[[0.51607686]],0.6,[[0.53686129]],0.2,[[0.72298358]],0.39,[[0.41405525]],0.32,[[0.4004465]],0.78,[[0.56165599]],0.68
67679972.0,[[0.49068599]],0.75,[[0.54209128]],0.4,[[0.86177474]],0.6,[[0.43437973]],0.3,[[0.49718841]],0.4,[[0.3037544]],0.4,[[0.5016739]],0.35,[[0.51184482]],0.7,[[0.3420672]],0.35,[[0.54299791]],0.7,[[0.71667865]],0.6,[[0.79985274]],0.6
67241704.0,[[0.46415798]],0.29,[[0.50504769]],0.61,[[0.09133795]],0.49,[[0.55435888]],0.55,[[0.38532359]],0.6,[[0.76456717]],0.55,[[0.77871588]],0.65,[[0.71695009]],0.65,[[0.97623201]],0.67,[[0.26037419]],0.66,[[0.74669244]],0.63,[[0.2149535]],0.75
67434220.0,[[0.32148956]],0.8,[[0.58606719]],0.75,[[0.13867495]],0.8,[[0.46974739]],0.7,[[0.46690156]],0.85,[[0.18499936]],0.8,[[0.49288245]],0.5,[[0.41860073]],0.5,[[0.70592196]],0.5,[[0.60976582]],0.25,[[0.64176957]],0.3,[[0.78664772]],0.4
70346481.0,[[0.52881702]],0.66,[[0.50512377]],0.53,[[0.62924872]],0.61,[[0.51099832]],0.43,[[0.42554082]],0.66,[[0.30709476]],0.55,[[0.69936168]],0.61,[[0.52052439]],0.71,[[0.82754681]],0.67,[[0.59349438]],0.37,[[0.26143793]],0.64,[[0.13639631]],0.44
71487220.0,[[0.48464534]],0.62,[[0.57820434]],0.29,[[0.16674725]],0.62,[[0.45079625]],0.53,[[0.43218952]],0.64,[[0.60952419]],0.64,[[0.56311191]],0.59,[[0.63146931]],0.56,[[0.89568468]],0.62,[[0.71191958]],0.72,[[0.70759497]],0.8,[[0.57413699]],0.8
53223038.0,[[0.34012412]],0.92,[[0.70427713]],0.88,[[0.79842043]],0.9,[[0.5392231]],0.9,[[0.48818797]],0.51,[[0.69782486]],0.77,[[0.64358588]],0.05,[[0.44946927]],0.91,[[0.20983397]],0.93,[[0.33259111]],0.51,[[0.60035163]],0.79,[[0.14573877]],0.51
21182199.0,[[0.53068626]],0.53,[[0.49729383]],0.47,[[0.12599349]],0.55,[[0.53469027]],0.53,[[0.23932726]],0.53,[[0.66825555]],0.59,[[0.56123979]],0.55,[[0.32222728]],0.57,[[0.64181778]],0.62,[[0.49689787]],0.45,[[0.55926748]],0.57,[[0.39591869]],0.41
61449173.0,[[0.49020186]],0.3,[[0.46781025]],0.51,[[0.15483597]],0.5,[[0.38828439]],0.95,[[0.692817]],0.95,[[0.85752057]],1.0,[[0.39172393]],0.51,[[0.59688834]],0.51,[[0.22407772]],0.82,[[0.46161317]],0.9,[[0.56571968]],0.16,[[0.79485696]],0.7
97427203.0,[[0.43033449]],0.2,[[0.74682342]],0.1,[[0.29453016]],0.01,[[0.75520496]],0.21,[[0.38845831]],0.09,[[0.34260035]],0.01,[[0.49752336]],0.63,[[0.56541269]],0.51,[[0.90879943]],0.23,[[0.48581755]],0.19,[[0.37726864]],0.0,[[0.73868301]],0.1
43882246.0,[[0.71434465]],0.3,[[0.46358502]],0.5,[[0.75403803]],0.5,[[0.49801069]],0.55,[[0.47480581]],0.65,[[0.80443177]],0.7,[[0.57718377]],1.0,[[0.66686435]],1.0,[[0.37825339]],1.0,[[0.44070202]],0.4,[[0.4132037]],0.3,[[0.24535425]],0.6
33115914.0,[[0.50755778]],0.53,[[0.49602277]],0.3,[[0.63254143]],0.44,[[0.30770792]],0.32,[[0.44242257]],0.59,[[0.09250434]],0.45,[[0.51495141]],0.55,[[0.45306244]],0.75,[[0.71062266]],0.57,[[0.45267572]],0.51,[[0.45370817]],0.63,[[0.17252206]],0.79
77199121.0,[[0.46400967]],0.55,[[0.50412587]],0.86,[[0.09283392]],0.73,[[0.38275334]],0.68,[[0.52427891]],0.63,[[0.77677378]],0.68,[[0.50287188]],0.62,[[0.73955795]],0.84,[[0.43161527]],0.58,[[0.59628114]],0.39,[[0.7567196]],0.79,[[0.9232357]],0.64
42221334.0,[[0.39266772]],0.54,[[0.65169816]],0.28,[[0.83128039]],0.51,[[0.34411882]],0.58,[[0.51127446]],0.51,[[0.60897624]],0.65,[[0.6289616]],0.51,[[0.52101326]],0.22,[[0.29216893]],0.51,[[0.3500608]],0.51,[[0.63285117]],0.59,[[0.12803895]],0.69
66518807.0,[[0.51727867]],0.42,[[0.58994497]],0.46,[[0.81606427]],0.49,[[0.18942452]],0.42,[[0.29412167]],0.31,[[0.06566377]],0.22,[[0.65461568]],0.37,[[0.5250133]],0.34,[[0.91431382]],0.44,[[0.32227836]],0.46,[[0.59066039]],0.49,[[0.23506057]],0.39
54018010.0,[[0.33230682]],0.6,[[0.67895736]],0.74,[[0.81008797]],0.5,[[0.5969155]],0.7,[[0.51881854]],0.8,[[0.3692628]],0.7,[[0.57921708]],0.5,[[0.60737007]],0.0,[[0.79963962]],0.05,[[0.53216962]],0.0,[[0.53111914]],0.05,[[0.32473615]],0.19
21280553.0,[[0.51306518]],1.0,[[0.53435474]],0.17,[[0.15984179]],0.51,[[0.38441727]],0.6,[[0.30295267]],0.51,[[0.5633927]],0.5,[[0.46991259]],0.75,[[0.55062354]],0.75,[[0.80253782]],0.75,[[0.28312192]],0.85,[[0.39612351]],0.86,[[0.10343665]],0.85
78739257.0,[[0.44199928]],0.5,[[0.52617368]],0.3,[[0.1061586]],0.44,[[0.4309798]],0.6,[[0.5095212]],0.25,[[0.76864443]],0.3,[[0.42440207]],0.65,[[0.50911385]],0.8,[[0.74638234]],0.7,[[0.4084061]],0.75,[[0.48558352]],0.55,[[0.17980375]],0.7
48942917.0,[[0.4854665]],0.52,[[0.49753879]],0.63,[[0.12078284]],0.51,[[0.52962816]],0.7,[[0.42797923]],0.51,[[0.76992309]],0.51,[[0.40635597]],0.21,[[0.4261603]],0.24,[[0.18654633]],0.29,[[0.29499334]],0.45,[[0.65844766]],0.51,[[0.78961358]],0.51
54715361.0,[[0.57098189]],0.15,[[0.3765717]],0.15,[[0.19243198]],0.15,[[0.67579725]],0.1,[[0.34335794]],0.45,[[0.28774324]],0.1,[[0.63399004]],0.8,[[0.58929347]],0.35,[[0.88979043]],0.9,[[0.60874321]],0.19,[[0.51912067]],0.2,[[0.89654883]],0.2
57646920.0,[[0.5617125]],0.17,[[0.45796914]],0.63,[[0.19112321]],0.16,[[0.50744494]],0.78,[[0.63687874]],0.62,[[0.79790629]],0.19,[[0.28855038]],0.22,[[0.47869781]],0.41,[[0.13504713]],0.39,[[0.70082507]],0.61,[[0.43161322]],0.21,[[0.7850729]],0.26
89841488.0,[[0.64038454]],0.2,[[0.46851628]],0.2,[[0.69789695]],0.21,[[0.37208852]],0.18,[[0.58633208]],0.81,[[0.18280121]],0.5,[[0.59409648]],0.62,[[0.62069538]],0.72,[[0.92213451]],0.51,[[0.56164498]],0.91,[[0.56108609]],0.4,[[0.39996199]],0.63
43532120.0,[[0.55678733]],0.68,[[0.52863607]],0.51,[[0.69483569]],0.51,[[0.4848169]],0.6,[[0.710139]],0.58,[[0.32179512]],0.56,[[0.2874715]],0.55,[[0.24142034]],0.44,[[0.0956515]],0.4,[[0.64625258]],0.66,[[0.51315709]],0.77,[[0.85762905]],0.76
96931673.0,[[0.52446358]],0.25,[[0.47881837]],0.43,[[0.61508993]],0.77,[[0.44043499]],0.56,[[0.42623248]],0.59,[[0.78924701]],0.66,[[0.85455554]],0.44,[[0.30558708]],0.45,[[0.23873238]],0.42,[[0.51725624]],0.58,[[0.39717499]],0.35,[[0.25634697]],0.59
40040287.0,[[0.46479209]],0.71,[[0.53051295]],0.82,[[0.13261933]],0.82,[[0.54139643]],0.39,[[0.34106713]],0.4,[[0.16837126]],0.6,[[0.44205932]],0.29,[[0.59495302]],0.19,[[0.75582529]],0.38,[[0.55231052]],0.21,[[0.39944382]],0.62,[[0.79995404]],0.73
97558376.0,[[0.49718193]],0.51,[[0.4298213]],0.51,[[0.1603911]],0.51,[[0.48104199]],0.7,[[0.57172007]],0.35,[[0.83260744]],0.36,[[0.60354301]],0.36,[[0.6120134]],0.35,[[0.80035043]],0.39,[[0.43491119]],0.12,[[0.45676567]],0.4,[[0.29031225]],0.12
90980210.0,[[0.45614092]],0.69,[[0.53895758]],0.66,[[0.76589151]],0.61,[[0.40621078]],0.41,[[0.46463902]],0.6,[[0.27682137]],0.43,[[0.53812563]],0.6,[[0.56758642]],0.39,[[0.89042692]],0.41,[[0.38695596]],0.63,[[0.54883813]],0.81,[[0.22836306]],0.6
26871677.0,[[0.51222307]],0.91,[[0.57013984]],0.96,[[0.22180001]],0.93,[[0.61531298]],0.86,[[0.58785316]],0.66,[[0.9106658]],0.84,[[0.5589393]],0.35,[[0.35323558]],0.36,[[0.22796252]],0.8,[[0.41478257]],0.73,[[0.54962455]],0.66,[[0.82581134]],0.72
74772350.0,[[0.57961861]],0.64,[[0.48577487]],0.55,[[0.65729337]],0.6,[[0.58746577]],0.58,[[0.68313595]],0.46,[[0.31384636]],0.43,[[0.57888047]],0.58,[[0.51484266]],0.38,[[0.75447589]],0.59,[[0.42056491]],0.46,[[0.40488273]],0.6,[[0.26332607]],0.6
57275459.0,[[0.45953393]],0.68,[[0.47607525]],0.58,[[0.08104689]],0.78,[[0.57360333]],0.7,[[0.42075613]],0.35,[[0.8266728]],0.59,[[0.23833487]],0.71,[[0.4843047]],0.82,[[0.18023497]],0.72,[[0.45955633]],0.69,[[0.54385117]],0.86,[[0.75745919]],0.72
65660803.0,[[0.47618006]],0.65,[[0.48621224]],0.55,[[0.11362282]],0.65,[[0.56343996]],0.8,[[0.34151927]],0.55,[[0.16227676]],0.7,[[0.44623145]],0.8,[[0.62244947]],0.85,[[0.76956319]],0.75,[[0.48652431]],0.75,[[0.40301591]],0.7,[[0.62061721]],0.8
27744136.0,[[0.49888411]],0.77,[[0.61427438]],0.51,[[0.81386469]],0.77,[[0.29876795]],0.51,[[0.54806352]],0.51,[[0.10959794]],0.51,[[0.49684322]],0.51,[[0.51008877]],0.51,[[0.79302197]],0.51,[[0.69269057]],0.51,[[0.47634165]],0.8,[[0.2162279]],0.51
71923595.0,[[0.46325233]],0.51,[[0.36297829]],0.51,[[0.21301003]],0.51,[[0.59323272]],0.51,[[0.63549607]],0.51,[[0.95888579]],0.51,[[0.28603937]],1.0,[[0.21116021]],1.0,[[0.38552635]],1.0,[[0.52642661]],1.0,[[0.6073204]],1.0,[[0.23271586]],1.0
46499724.0,[[0.69951529]],1.0,[[0.34596404]],1.0,[[0.83726299]],1.0,[[0.26275356]],0.53,[[0.61966297]],0.51,[[0.66614101]],0.51,[[0.48152546]],0.52,[[0.50464302]],0.51,[[0.22748683]],0.51,[[0.51428215]],1.0,[[0.37618446]],1.0,[[0.18010932]],1.0
20017037.0,[[0.51257127]],0.67,[[0.44376056]],0.83,[[0.78691935]],0.89,[[0.72174327]],0.59,[[0.74616986]],0.8,[[0.54087457]],0.92,[[0.73273411]],0.53,[[0.64058445]],0.58,[[0.51908937]],0.57,[[0.71456693]],0.56,[[0.51257817]],0.0,[[0.80485916]],0.47
93786003.0,[[0.51666826]],0.26,[[0.5180806]],0.69,[[0.15019577]],0.24,[[0.37478479]],0.31,[[0.22685064]],0.29,[[0.5336089]],0.31,[[0.47367172]],0.41,[[0.40087105]],0.51,[[0.76596799]],0.51,[[0.49779401]],0.51,[[0.42759997]],0.56,[[0.26978078]],0.83
17913751.0,[[0.49709008]],0.51,[[0.53122366]],0.51,[[0.14697585]],0.41,[[0.46509266]],0.59,[[0.3470576]],0.59,[[0.69152708]],0.58,[[0.58335388]],0.51,[[0.67388951]],0.51,[[0.45693449]],0.51,[[0.48416037]],0.51,[[0.54861219]],0.4,[[0.70861363]],0.62
26261402.0,[[0.47687605]],0.3,[[0.4976603]],0.2,[[0.09766034]],0.5,[[0.55332851]],0.8,[[0.39057626]],0.2,[[0.76318576]],0.4,[[0.76301677]],0.7,[[0.69530167]],0.3,[[0.95759958]],0.4,[[0.27493045]],0.4,[[0.71045924]],0.9,[[0.20586955]],0.5
39436190.0,[[0.4282241]],0.51,[[0.52402752]],0.91,[[0.20498003]],0.66,[[0.45587463]],0.37,[[0.40077015]],0.29,[[0.68919565]],0.3,[[0.53146397]],0.91,[[0.40897828]],0.71,[[0.69210922]],0.93,[[0.49141934]],0.51,[[0.54814023]],0.77,[[0.29815416]],0.51
72945578.0,[[0.39411403]],0.83,[[0.53109081]],0.8,[[0.63192185]],0.8,[[0.53648339]],0.91,[[0.52368161]],0.9,[[0.24384267]],0.91,[[0.69524909]],0.51,[[0.50606464]],0.51,[[0.88414857]],0.51,[[0.47687585]],0.51,[[0.74988332]],0.51,[[0.32189416]],0.51
24025005.0,[[0.63853383]],0.0,[[0.49729762]],0.0,[[0.2162964]],0.01,[[0.53004768]],0.05,[[0.3863223]],1.0,[[0.23236312]],0.05,[[0.35965541]],0.0,[[0.37878859]],0.9,[[0.58583075]],0.5,[[0.53388407]],0.55,[[0.67231587]],0.0,[[0.92831238]],0.05
15388596.0,[[0.68833321]],0.25,[[0.51752146]],0.74,[[0.83195408]],0.25,[[0.45649531]],0.75,[[0.43669167]],0.84,[[0.14387346]],0.27,[[0.43656429]],0.69,[[0.26052483]],0.7,[[0.06291113]],0.7,[[0.25353464]],0.28,[[0.44487225]],0.22,[[0.56759023]],0.24
30592959.0,[[0.51640672]],0.22,[[0.50907753]],0.82,[[0.14594952]],0.83,[[0.70258781]],0.84,[[0.35706509]],0.81,[[0.80623748]],0.85,[[0.55522824]],0.21,[[0.40315028]],0.32,[[0.27359917]],0.3,[[0.39296028]],0.83,[[0.53251091]],0.19,[[0.82187741]],0.26
15833029.0,[[0.54151148]],0.65,[[0.43728245]],0.7,[[0.82400229]],0.75,[[0.45239381]],0.5,[[0.34621263]],0.65,[[0.11123934]],0.6,[[0.40316301]],0.7,[[0.4963786]],0.5,[[0.66750709]],0.5,[[0.42692739]],0.8,[[0.35680048]],0.55,[[0.15647909]],0.6
78417862.0,[[0.53463262]],0.56,[[0.50164568]],0.14,[[0.65260721]],0.49,[[0.48549404]],0.78,[[0.44195954]],0.78,[[0.17880689]],0.78,[[0.50126964]],0.53,[[0.40466808]],0.53,[[0.76317366]],0.53,[[0.63616432]],0.51,[[0.34878215]],0.51,[[0.15789895]],0.39
20246478.0,[[0.55348554]],1.0,[[0.51026681]],0.72,[[0.18655927]],0.98,[[0.48793209]],0.59,[[0.44671909]],0.66,[[0.69800188]],0.74,[[0.62381321]],0.93,[[0.57216482]],0.8,[[0.90060107]],0.6,[[0.56251303]],0.94,[[0.48231675]],0.99,[[0.37451668]],0.64
77423609.0,[[0.4376785]],0.81,[[0.61659562]],0.75,[[0.30194342]],0.75,[[0.47860553]],0.85,[[0.43265595]],0.94,[[0.758218]],0.83,[[0.6573158]],0.7,[[0.5362997]],0.73,[[0.40154692]],0.76,[[0.42187724]],0.9,[[0.54680279]],0.44,[[0.78425013]],0.66
45981658.0,[[0.54800085]],0.9,[[0.48149332]],0.37,[[0.62281375]],0.7,[[0.43340238]],0.41,[[0.50845021]],0.3,[[0.19480051]],1.0,[[0.33248593]],0.3,[[0.39154388]],0.47,[[0.06648212]],0.3,[[0.41229983]],0.9,[[0.44897255]],0.82,[[0.59417645]],0.75
14309341.0,[[0.64351263]],0.61,[[0.43773498]],0.76,[[0.16811175]],0.73,[[0.54811917]],0.52,[[0.55195961]],0.52,[[0.38763076]],0.52,[[0.42598617]],0.77,[[0.54078589]],0.55,[[0.80371402]],0.72,[[0.33903918]],0.87,[[0.40231974]],0.31,[[0.55711992]],0.67
57819102.0,[[0.46533301]],0.09,[[0.49942495]],0.91,[[0.08704034]],0.3,[[0.57248134]],0.0,[[0.37630823]],0.17,[[0.79101031]],0.0,[[0.18028381]],0.9,[[0.45690597]],0.7,[[0.15282012]],0.81,[[0.48355595]],0.3,[[0.49707046]],0.79,[[0.77209122]],0.75
79351775.0,[[0.48098041]],0.58,[[0.50854142]],0.69,[[0.1413705]],0.38,[[0.53844955]],0.6,[[0.32396748]],0.56,[[0.15622388]],0.53,[[0.4332064]],0.65,[[0.31623267]],0.58,[[0.60928257]],0.43,[[0.46152071]],0.62,[[0.33716805]],0.45,[[0.67493804]],0.46
55283809.0,[[0.46009589]],0.7,[[0.53347845]],0.6,[[0.79102941]],0.3,[[0.4644794]],0.7,[[0.54725639]],0.45,[[0.72893163]],0.3,[[0.7417739]],0.5,[[0.34217567]],0.74,[[0.13992407]],0.6,[[0.54034768]],0.1,[[0.57748711]],0.7,[[0.32848968]],0.65
54337518.0,[[0.6188953]],0.26,[[0.42783837]],0.23,[[0.27586362]],0.79,[[0.42446729]],0.52,[[0.33312484]],0.68,[[0.19048876]],0.61,[[0.64244296]],0.68,[[0.43270311]],0.52,[[0.75592158]],0.66,[[0.46362134]],0.65,[[0.69795593]],0.72,[[0.88157914]],0.66
56854519.0,[[0.3661439]],0.65,[[0.52865509]],0.44,[[0.58085883]],0.55,[[0.55952562]],0.59,[[0.38954689]],0.86,[[0.23605707]],0.62,[[0.44722916]],0.58,[[0.56448779]],0.67,[[0.7849816]],0.5,[[0.54679061]],0.55,[[0.43169618]],0.4,[[0.33969676]],0.5
52756472.0,[[0.33586628]],0.64,[[0.52668332]],0.37,[[0.58429089]],0.37,[[0.36010047]],0.36,[[0.48499972]],0.6,[[0.17964465]],0.41,[[0.52025264]],0.41,[[0.4916621]],0.59,[[0.17218932]],0.4,[[0.57609758]],0.58,[[0.64021337]],0.59,[[0.75740446]],0.6
32311289.0,[[0.6153765]],0.51,[[0.48563985]],0.51,[[0.69381245]],1.0,[[0.58549554]],0.0,[[0.46720023]],0.51,[[0.38936865]],0.51,[[0.29913571]],0.51,[[0.48346485]],0.0,[[0.60050581]],0.51,[[0.57132971]],0.0,[[0.6246131]],0.0,[[0.39961617]],0.0
